,Pick,Years,Games,Minutes,FieldGoal_pcent,ThreePoint_pcent,Freethrow_pcent,Minutes_pg,Points_pg,Rebounds_pg,Assists_pg,Winshares,Winshares_p48,Box_plusminus,Value_over_replacement
0,1,5,296,9069,0.597,0.263,0.752,30.6,16.7,10.5,1.7,30.4,0.161,1.2,7.2
1,2,5,199,4905,0.505,0.283,0.67,24.6,13.2,7.3,0.9,8.8,0.086,-2.0,0.0
2,3,5,321,10996,0.466,0.339,0.737,34.3,27.5,8.6,8.0,38.3,0.167,7.3,25.8
3,4,5,255,6938,0.46,0.35,0.79,27.2,16.0,5.4,1.1,17.9,0.124,0.6,4.5
4,5,5,342,11570,0.439,0.352,0.876,33.8,25.6,3.7,9.3,32.3,0.134,3.2,15.1
5,6,5,273,4955,0.477,0.359,0.681,18.2,7.6,5.8,0.9,12.6,0.122,0.2,2.8
6,7,5,249,6966,0.515,0.31,0.732,28.0,12.8,8.9,2.1,16.9,0.116,-0.5,2.6
7,8,5,265,8308,0.464,0.382,0.826,31.4,19.0,2.9,3.2,8.0,0.046,-2.3,-0.7
8,9,5,263,4649,0.381,0.344,0.713,17.7,7.2,2.8,0.7,0.4,0.004,-4.4,-2.9
9,10,5,379,12185,0.499,0.381,0.852,32.2,12.7,4.0,2.3,31.4,0.124,1.2,9.9
10,11,5,301,9789,0.482,0.348,0.841,32.5,20.7,4.5,4.5,27.4,0.134,3.0,12.3
11,12,4,291,8460,0.473,0.346,0.809,29.1,13.4,5.6,2.3,16.0,0.091,-0.2,3.8
12,13,3,113,1604,0.363,0.31,0.721,14.2,4.5,1.8,1.2,-0.1,-0.003,-4.7,-1.1
13,14,4,177,4585,0.51,0.418,0.801,25.9,15.0,5.9,1.1,13.2,0.139,1.4,3.9
14,15,5,285,5674,0.43,0.348,0.776,19.9,6.6,3.9,1.5,7.3,0.061,-1.8,0.3
15,16,2,13,143,0.378,0.316,0.667,11.0,3.7,1.2,0.9,0.0,0.011,-6.1,-0.1
16,17,5,261,6347,0.418,0.362,0.779,24.3,9.1,4.6,2.7,12.5,0.095,0.0,3.2
17,18,5,259,5488,0.421,0.347,0.803,21.2,9.9,2.3,1.5,3.5,0.031,-2.9,-1.2
18,19,5,339,10068,0.443,0.386,0.763,29.7,12.1,3.4,3.1,13.7,0.065,-0.9,2.8
19,20,5,303,6040,0.404,0.289,0.749,19.9,6.5,3.0,1.2,7.5,0.059,-2.5,-0.7
20,21,5,256,5981,0.437,0.396,0.86,23.4,9.7,2.8,1.7,12.9,0.103,-0.4,2.4
21,22,4,103,1790,0.442,0.309,0.643,17.4,5.4,3.7,0.8,1.1,0.03,-3.9,-0.9
22,23,5,299,5192,0.413,0.377,0.842,17.4,6.7,1.7,2.2,5.4,0.05,-2.3,-0.4
23,24,5,271,6474,0.433,0.388,0.86,23.9,12.6,2.3,2.4,6.9,0.051,-1.8,0.3
24,25,5,244,3957,0.49,0.319,0.821,16.2,8.2,3.7,1.2,9.1,0.111,-0.8,1.2
25,26,5,292,6736,0.407,0.389,0.845,23.1,9.0,1.8,1.7,11.6,0.082,-1.8,0.4
26,27,5,202,4138,0.732,0.0,0.66,20.5,7.4,6.9,1.4,21.6,0.25,4.9,7.2
27,28,2,59,622,0.337,0.315,0.833,10.5,2.8,1.1,0.9,-0.6,-0.047,-7.4,-0.8
28,29,2,49,526,0.376,0.227,0.726,10.7,4.3,1.9,0.9,0.0,0.003,-4.6,-0.4
29,30,2,95,1691,0.417,0.366,0.766,17.8,6.8,4.3,1.0,2.4,0.068,-1.5,0.2
30,31,2,108,1677,0.395,0.315,0.737,15.5,4.8,1.7,2.2,0.5,0.014,-4.1,-0.9
31,32,5,292,4689,0.402,0.396,0.808,16.1,5.3,1.9,1.7,7.8,0.08,-0.8,1.4
32,33,5,339,9000,0.492,0.384,0.813,26.5,14.0,3.1,4.2,25.5,0.136,1.0,6.8
33,34,5,306,7886,0.373,0.358,0.818,25.8,11.6,2.3,4.5,12.6,0.077,-0.2,3.5
34,35,3,32,290,0.34,0.209,0.533,9.1,2.7,0.9,0.2,-0.4,-0.062,-10.0,-0.6
35,36,5,279,6810,0.716,0.0,0.53,24.4,8.3,7.8,0.6,30.4,0.214,2.3,7.4
36,37,5,264,7649,0.42,0.382,0.828,29.0,14.4,2.3,1.4,13.5,0.084,-0.7,2.4
37,38,3,39,409,0.388,0.316,0.75,10.5,4.1,1.0,0.9,0.5,0.058,-2.7,-0.1
38,39,4,143,1871,0.432,0.3,0.759,13.1,3.1,2.2,0.8,1.7,0.044,-3.6,-0.7
39,40,3,131,2103,0.444,0.329,0.739,16.1,6.0,3.1,0.9,2.3,0.052,-2.8,-0.4
40,41,5,232,4747,0.575,0.268,0.642,20.5,6.2,6.6,1.5,13.9,0.14,0.5,2.9
41,42,5,337,8225,0.482,0.344,0.745,24.4,8.3,4.2,2.4,16.0,0.094,-0.9,2.2
42,43,0,0,0,0.0,0.0,0.0,0.0,0.0,0.0,0.0,0.0,0.0,0.0,0.0
43,44,0,0,0,0.0,0.0,0.0,0.0,0.0,0.0,0.0,0.0,0.0,0.0,0.0
44,45,5,263,4913,0.495,0.274,0.623,18.7,8.6,3.8,1.1,6.2,0.061,-2.1,-0.2
45,46,5,300,6663,0.414,0.373,0.772,22.2,8.8,3.7,2.8,11.4,0.082,0.7,4.5
46,47,5,241,3886,0.4,0.358,0.77,16.1,6.3,1.7,1.3,2.7,0.033,-2.7,-0.7
47,48,5,217,3597,0.474,0.322,0.74,16.6,6.1,3.1,0.8,5.4,0.072,-2.0,0.1
48,49,5,198,2622,0.492,0.302,0.761,13.2,5.8,3.5,0.7,3.9,0.072,-1.8,0.2
49,50,5,76,568,0.481,0.227,0.711,7.5,2.5,3.0,0.4,1.3,0.108,-2.4,-0.1
50,51,0,0,0,0.0,0.0,0.0,0.0,0.0,0.0,0.0,0.0,0.0,0.0,0.0
51,52,1,2,16,0.25,0.25,0.0,8.0,1.5,1.0,0.0,0.0,-0.014,-6.4,0.0
52,53,1,11,81,0.2,0.235,0.5,7.4,1.8,0.6,1.2,-0.2,-0.116,-6.7,-0.1
53,54,5,242,5004,0.458,0.37,0.822,20.7,9.4,2.4,2.6,9.4,0.09,-1.8,0.3
54,55,1,2,5,0.0,0.0,0.0,2.5,0.0,0.0,0.0,0.0,-0.217,-21.8,0.0
55,56,2,16,167,0.529,0.0,0.286,10.4,3.6,3.3,0.3,0.1,0.024,-6.2,-0.2
56,57,1,10,52,0.259,0.15,0.0,5.2,1.7,1.2,0.5,-0.1,-0.085,-5.1,0.0
57,58,1,11,36,0.538,0.429,0.5,3.3,1.6,0.4,0.5,0.1,0.162,1.2,0.0
58,59,2,5,25,0.0,0.0,0.5,5.0,0.2,1.2,0.0,-0.1,-0.225,-17.2,-0.1
59,60,3,22,87,0.375,0.0,0.474,4.0,1.0,1.0,0.1,-0.2,-0.098,-9.9,-0.2
60,1,6,179,4682,0.466,0.274,0.736,26.2,11.6,3.5,5.0,6.2,0.064,-1.3,0.8
61,2,5,252,8187,0.4,0.364,0.578,32.5,11.9,5.7,6.2,11.4,0.067,1.1,6.3
62,3,6,430,14617,0.457,0.375,0.848,34.0,22.3,7.0,3.3,44.0,0.144,3.2,19.1
63,4,5,291,6718,0.416,0.292,0.68,23.1,11.3,4.0,1.8,-1.7,-0.012,-3.8,-3.1
64,5,6,383,12407,0.472,0.323,0.735,32.4,20.1,3.7,6.2,21.9,0.085,0.4,7.6
65,6,4,147,3636,0.434,0.333,0.789,24.7,9.0,5.3,1.0,7.0,0.093,0.3,2.1
66,7,6,344,10523,0.456,0.373,0.856,30.6,17.2,7.1,1.4,24.6,0.112,0.7,7.1
67,8,6,311,5293,0.369,0.32,0.763,17.0,4.8,1.8,2.2,0.3,0.002,-4.4,-3.2
68,9,6,265,6404,0.405,0.301,0.667,24.2,10.4,2.9,4.3,0.7,0.005,-2.3,-0.5
69,10,5,238,4429,0.475,0.343,0.749,18.6,7.2,4.7,1.5,7.2,0.078,-1.7,0.3
70,11,6,374,7758,0.431,0.355,0.847,20.7,10.9,2.4,2.4,8.4,0.052,-1.5,0.9
71,12,6,344,7949,0.45,0.429,0.877,23.1,9.7,2.8,1.9,16.0,0.097,-0.4,3.2
72,13,6,405,13776,0.446,0.364,0.84,34.0,24.4,4.1,4.5,36.8,0.128,3.0,17.5
73,14,6,409,11982,0.555,0.129,0.754,29.3,14.7,8.5,3.4,42.2,0.169,2.7,14.3
74,15,6,278,4886,0.423,0.319,0.796,17.6,6.0,2.4,1.0,5.3,0.052,-2.8,-1.0
75,16,4,22,296,0.404,0.25,0.667,13.5,3.9,2.7,0.9,0.4,0.066,-2.8,-0.1
76,17,5,146,1803,0.419,0.327,0.618,12.3,4.4,3.1,0.7,2.8,0.075,-2.6,-0.3
77,18,4,146,1238,0.492,0.341,0.585,8.5,3.3,1.9,0.3,2.7,0.104,-1.8,0.1
78,19,6,352,10268,0.552,0.351,0.785,29.2,15.9,8.0,1.5,31.3,0.146,0.9,7.6
79,20,3,142,1835,0.511,0.258,0.671,12.9,5.9,3.8,1.2,3.0,0.079,-2.4,-0.2
80,21,4,204,4000,0.404,0.334,0.753,19.6,4.5,1.3,0.7,4.4,0.053,-4.0,-2.1
81,22,6,403,11110,0.63,0.183,0.703,27.6,12.0,8.9,1.4,43.6,0.188,1.8,10.7
82,23,6,356,10031,0.469,0.372,0.74,28.2,11.4,4.3,1.5,20.8,0.1,0.1,5.2
83,24,2,26,96,0.5,0.4,0.333,3.7,0.9,0.7,0.2,0.2,0.084,-4.3,-0.1
84,25,2,28,443,0.521,0.0,0.586,15.8,5.6,3.9,0.7,0.4,0.038,-6.2,-0.5
85,26,3,75,655,0.438,0.118,0.614,8.7,2.3,2.9,0.7,-0.2,-0.015,-6.2,-0.7
86,27,6,404,12581,0.448,0.337,0.724,31.1,16.5,6.4,2.5,15.3,0.059,-1.1,2.9
87,28,6,179,1994,0.631,0.5,0.681,11.1,4.4,4.1,0.5,7.5,0.181,0.2,1.1
88,29,6,333,8765,0.446,0.349,0.844,26.3,11.6,3.3,3.8,21.3,0.117,1.3,7.3
89,30,6,361,10198,0.462,0.349,0.738,28.2,9.9,6.1,2.4,20.9,0.098,-0.1,4.8
90,31,5,214,3873,0.421,0.332,0.786,18.1,8.5,1.8,1.0,2.5,0.031,-3.9,-1.9
91,32,4,119,1293,0.407,0.385,0.667,10.9,3.1,1.8,0.8,1.4,0.052,-3.0,-0.3
92,33,5,226,3827,0.408,0.292,0.798,16.9,4.4,2.5,0.9,4.2,0.053,-3.9,-1.8
93,34,4,103,1616,0.396,0.301,0.755,15.7,6.7,2.0,2.6,1.2,0.035,-2.6,-0.3
94,35,2,85,1237,0.555,0.2,0.743,14.6,5.7,4.3,1.0,3.2,0.125,-1.7,0.1
95,36,2,51,686,0.486,0.34,0.484,13.5,4.3,3.4,0.8,1.4,0.098,-1.3,0.1
96,37,5,284,4111,0.384,0.344,0.717,14.5,3.4,2.2,0.4,5.2,0.061,-3.4,-1.5
97,38,5,161,1937,0.552,0.2,0.636,12.0,3.7,3.1,1.2,4.9,0.121,0.2,1.1
98,39,2,56,843,0.345,0.263,0.776,15.1,4.2,1.7,2.0,-0.4,-0.022,-5.4,-0.7
99,40,4,207,4012,0.402,0.314,0.78,19.4,7.3,2.6,1.1,0.8,0.01,-5.1,-3.1
100,41,3,107,1680,0.392,0.351,0.669,15.7,6.6,2.3,1.3,1.1,0.032,-3.0,-0.5
101,42,6,223,4442,0.599,0.365,0.756,19.9,10.2,5.8,1.1,15.6,0.169,1.3,3.7
102,43,5,236,3653,0.574,0.313,0.693,15.5,5.5,4.7,1.3,12.4,0.163,0.8,2.6
103,44,5,213,4242,0.417,0.345,0.711,19.9,7.5,2.5,1.5,3.0,0.034,-2.8,-0.9
104,45,6,334,9556,0.415,0.34,0.797,28.6,14.5,3.1,2.1,6.3,0.032,-3.9,-4.6
105,46,6,268,4458,0.419,0.363,0.796,16.6,5.3,3.3,1.0,6.6,0.071,-2.1,-0.1
106,47,2,14,36,0.333,0.0,0.833,2.6,0.9,0.9,0.1,0.0,0.057,-1.1,0.0
107,48,4,160,1721,0.407,0.34,0.672,10.8,2.5,1.3,0.7,1.1,0.032,-3.1,-0.5
108,49,4,120,1303,0.488,0.378,0.841,10.9,3.7,1.7,0.9,2.4,0.09,-2.0,0.0
109,50,0,0,0,0.0,0.0,0.0,0.0,0.0,0.0,0.0,0.0,0.0,0.0,0.0
110,51,6,335,8595,0.481,0.394,0.827,25.7,10.5,2.5,4.0,22.4,0.125,0.4,5.1
111,52,5,155,2202,0.468,0.339,0.813,14.2,6.3,1.5,1.2,3.2,0.07,-2.9,-0.5
112,53,3,47,640,0.435,0.349,0.757,13.6,5.5,1.5,2.3,1.0,0.075,-1.2,0.1
113,54,1,20,225,0.378,0.31,0.8,11.3,4.1,1.9,0.6,0.3,0.055,-2.8,0.0
114,55,1,10,50,0.313,0.286,1.0,5.0,1.4,0.6,0.6,0.0,0.017,-3.9,0.0
115,56,1,13,115,0.577,0.429,0.462,8.8,3.0,1.5,0.6,0.2,0.098,-3.1,0.0
116,57,0,0,0,0.0,0.0,0.0,0.0,0.0,0.0,0.0,0.0,0.0,0.0,0.0
117,58,0,0,0,0.0,0.0,0.0,0.0,0.0,0.0,0.0,0.0,0.0,0.0,0.0
118,59,1,27,439,0.443,0.256,0.769,16.3,4.2,3.6,0.5,0.3,0.03,-3.8,-0.2
119,60,0,0,0,0.0,0.0,0.0,0.0,0.0,0.0,0.0,0.0,0.0,0.0,0.0
120,1,5,317,10431,0.56,0.139,0.591,32.9,14.7,7.8,7.5,32.6,0.15,3.3,14.1
121,2,7,400,13131,0.462,0.362,0.777,32.8,18.9,5.1,3.9,20.2,0.074,-0.3,5.8
122,3,7,461,13657,0.476,0.367,0.724,29.6,17.8,5.2,2.2,29.0,0.102,0.3,7.9
123,4,4,187,3755,0.399,0.323,0.654,20.1,5.4,3.9,1.3,0.5,0.006,-3.9,-1.9
124,5,7,254,6097,0.425,0.302,0.741,24.0,8.3,3.4,4.2,4.6,0.036,-1.9,0.1
125,6,7,537,15863,0.433,0.402,0.86,29.5,16.1,4.4,2.5,20.9,0.063,0.3,9.3
126,7,6,400,12190,0.446,0.369,0.869,30.5,16.8,3.7,4.1,24.8,0.098,0.3,7.2
127,8,6,292,5338,0.456,0.29,0.667,18.3,7.6,4.7,1.0,6.5,0.058,-2.4,-0.5
128,9,7,475,9976,0.629,0.5,0.535,21.0,8.0,6.4,1.6,33.8,0.163,1.2,8.1
129,10,5,263,3624,0.435,0.327,0.68,13.8,4.6,2.8,0.6,6.6,0.087,-2.1,-0.1
130,11,7,481,14095,0.545,0.325,0.735,29.3,15.0,9.6,4.1,45.0,0.153,2.4,15.6
131,12,7,414,9876,0.421,0.372,0.817,23.9,10.3,3.7,1.7,9.4,0.046,-1.9,0.3
132,13,2,39,477,0.514,0.0,0.857,12.2,4.1,3.2,0.7,0.4,0.044,-3.9,-0.2
133,14,5,256,4817,0.394,0.36,0.787,18.8,7.0,3.3,1.8,4.5,0.044,-1.9,0.2
134,15,7,339,5269,0.428,0.342,0.676,15.5,5.0,3.3,0.6,8.7,0.079,-1.9,0.1
135,16,2,74,486,0.442,0.323,0.682,6.6,2.3,1.4,0.4,1.1,0.105,-1.9,0.0
136,17,3,56,579,0.355,0.25,0.776,10.3,3.1,1.2,1.4,-0.3,-0.028,-5.3,-0.5
137,18,5,83,787,0.371,0.336,0.773,9.5,4.1,2.5,0.6,0.4,0.023,-3.7,-0.3
138,19,7,405,8874,0.422,0.379,0.816,21.9,10.9,2.6,1.3,11.9,0.064,-1.1,2.1
139,20,7,384,10748,0.434,0.34,0.734,28.0,14.1,3.8,4.0,15.3,0.069,-0.6,3.9
140,21,6,296,5670,0.474,0.283,0.611,19.2,5.9,3.2,1.8,4.4,0.038,-2.3,-0.4
141,22,3,70,625,0.358,0.301,0.783,8.9,2.8,1.0,0.3,-0.1,-0.009,-6.1,-0.7
142,23,3,113,1517,0.581,0.0,0.711,13.4,6.0,3.9,0.6,3.5,0.11,-2.6,-0.2
143,24,6,328,5254,0.391,0.335,0.829,16.0,5.9,2.0,0.9,4.7,0.043,-4.0,-2.7
144,25,2,21,107,0.449,0.0,0.6,5.1,2.2,1.6,0.1,0.1,0.062,-0.6,0.0
145,26,6,283,5058,0.405,0.354,0.76,17.9,7.5,2.1,1.3,7.1,0.068,-1.9,0.1
146,27,7,459,13996,0.486,0.33,0.773,30.5,16.8,6.5,3.5,39.1,0.134,1.9,13.7
147,28,4,148,2595,0.492,0.353,0.748,17.5,7.2,4.5,1.0,4.4,0.081,-2.3,-0.2
148,29,6,384,10585,0.457,0.34,0.783,27.6,13.8,5.9,5.0,20.4,0.093,1.6,9.7
149,30,7,229,3330,0.661,0.313,0.706,14.5,5.3,3.3,0.7,10.0,0.144,-1.1,0.8
150,31,3,107,1299,0.599,0.0,0.635,12.1,4.2,3.2,0.4,3.6,0.131,-2.1,0.0
151,32,7,424,8711,0.602,0.083,0.746,20.5,8.6,7.1,1.1,31.6,0.174,0.2,4.9
152,33,5,183,2186,0.596,0.286,0.774,11.9,5.2,4.1,0.4,6.3,0.139,-1.4,0.3
153,34,3,133,2782,0.403,0.28,0.808,20.9,7.5,1.7,4.0,0.5,0.008,-3.6,-1.1
154,35,0,0,0,0.0,0.0,0.0,0.0,0.0,0.0,0.0,0.0,0.0,0.0,0.0
155,36,7,392,11573,0.466,0.389,0.881,29.5,15.4,4.2,4.6,29.1,0.121,1.3,9.7
156,37,2,6,74,0.583,0.0,1.0,12.3,3.0,2.3,0.7,0.1,0.043,-5.4,-0.1
157,38,5,199,3373,0.42,0.305,0.785,16.9,3.8,1.6,1.4,4.4,0.062,-2.8,-0.6
158,39,0,0,0,0.0,0.0,0.0,0.0,0.0,0.0,0.0,0.0,0.0,0.0,0.0
159,40,1,7,24,0.231,0.0,1.0,3.4,1.4,0.9,0.0,-0.1,-0.211,-20.8,-0.1
160,41,1,19,108,0.323,0.0,0.6,5.7,1.2,1.8,0.2,0.0,-0.005,-8.3,-0.2
161,42,2,89,1823,0.411,0.305,0.788,20.5,7.2,2.4,2.4,-0.9,-0.025,-5.0,-1.4
162,43,2,19,125,0.212,0.105,0.667,6.6,1.3,1.2,0.1,-0.2,-0.093,-9.6,-0.2
163,44,0,0,0,0.0,0.0,0.0,0.0,0.0,0.0,0.0,0.0,0.0,0.0,0.0
164,45,3,26,136,0.486,0.286,0.667,5.2,1.8,0.7,0.7,0.2,0.087,-0.5,0.1
165,46,1,22,163,0.405,0.5,0.45,7.4,2.2,1.6,0.2,0.0,-0.001,-6.6,-0.2
166,47,6,243,3099,0.46,0.3,0.719,12.8,4.8,1.7,0.5,3.8,0.059,-2.3,-0.2
167,48,2,98,1667,0.371,0.335,0.769,17.0,4.7,2.6,0.8,0.0,-0.001,-5.2,-1.4
168,49,1,9,32,0.1,0.0,1.0,3.6,0.4,0.3,0.2,-0.1,-0.136,-12.1,-0.1
169,50,7,370,5707,0.44,0.406,0.87,15.4,6.5,2.1,0.9,10.5,0.088,-1.0,1.5
170,51,1,3,10,0.0,0.0,0.0,3.3,0.0,0.7,0.0,-0.1,-0.473,-25.9,-0.1
171,52,2,18,91,0.545,0.2,0.5,5.1,1.7,1.5,0.1,0.3,0.132,-0.1,0.0
172,53,1,13,38,0.333,0.125,0.75,2.9,1.1,1.1,0.2,0.0,-0.015,-8.8,-0.1
173,54,2,58,526,0.364,0.268,0.754,9.1,3.8,1.0,1.3,-0.4,-0.041,-4.7,-0.4
174,55,1,5,28,0.286,0.25,1.0,5.6,2.4,0.8,0.6,0.0,-0.006,-8.8,0.0
175,56,2,25,232,0.394,0.357,0.5,9.3,2.8,2.1,1.2,0.0,0.0,-3.3,-0.1
176,57,0,0,0,0.0,0.0,0.0,0.0,0.0,0.0,0.0,0.0,0.0,0.0,0.0
177,58,5,202,2583,0.428,0.357,0.718,12.8,4.6,1.9,0.5,2.8,0.052,-2.6,-0.4
178,59,0,0,0,0.0,0.0,0.0,0.0,0.0,0.0,0.0,0.0,0.0,0.0,0.0
179,60,4,112,1714,0.422,0.207,0.656,15.3,5.1,2.1,1.1,0.1,0.003,-5.2,-1.4
180,1,8,503,17181,0.527,0.393,0.835,34.2,23.1,11.2,3.2,68.2,0.191,4.8,29.2
181,2,8,486,14487,0.425,0.361,0.791,29.8,17.7,3.5,5.7,18.9,0.063,0.7,9.8
182,3,6,247,4827,0.542,0.222,0.676,19.5,10.4,4.7,0.9,7.2,0.071,-2.0,0.0
183,4,7,396,12318,0.45,0.357,0.825,31.1,19.5,8.0,1.7,34.1,0.133,2.0,12.5
184,5,5,330,6107,0.417,0.319,0.812,18.5,6.9,3.1,1.3,3.2,0.025,-2.8,-1.2
185,6,7,422,9276,0.544,0.188,0.612,22.0,8.7,5.9,1.4,23.3,0.121,-0.1,4.4
186,7,6,302,7187,0.401,0.323,0.744,23.8,10.9,2.9,3.8,-0.2,-0.001,-3.2,-2.2
187,8,8,449,8879,0.391,0.305,0.748,19.8,6.2,3.1,1.5,7.0,0.038,-2.7,-1.6
188,9,8,410,8137,0.43,0.349,0.746,19.8,8.8,3.8,1.6,15.8,0.093,-0.2,3.6
189,10,8,344,8905,0.412,0.315,0.638,25.9,8.2,5.1,2.6,8.3,0.045,-2.1,-0.3
190,11,8,488,14068,0.497,0.355,0.771,28.8,13.3,6.8,1.2,38.0,0.13,0.8,10.0
191,12,8,510,9236,0.445,0.343,0.746,18.1,7.8,4.3,1.0,17.0,0.088,-0.9,2.5
192,13,8,519,17517,0.46,0.358,0.867,33.8,23.9,4.0,4.8,34.7,0.095,0.9,12.7
193,14,8,316,5795,0.42,0.363,0.815,18.3,8.0,2.2,3.4,8.9,0.074,-0.6,2.1
194,15,8,524,13532,0.434,0.33,0.753,25.8,12.8,4.4,1.0,19.3,0.069,-1.7,0.8
195,16,8,537,14582,0.417,0.368,0.818,27.2,13.6,3.9,3.4,25.8,0.085,0.4,8.9
196,17,3,139,1671,0.337,0.313,0.692,12.0,3.0,1.1,0.5,-0.6,-0.017,-4.7,-1.2
197,18,5,201,3097,0.478,0.288,0.606,15.4,5.4,3.0,0.8,5.4,0.083,-1.4,0.5
198,19,5,279,4998,0.411,0.323,0.77,17.9,6.1,1.9,2.9,8.3,0.08,-1.6,0.5
199,20,8,451,9547,0.454,0.355,0.805,21.2,7.2,3.2,3.1,25.9,0.13,2.3,10.4
200,21,6,242,3280,0.41,0.292,0.775,13.6,5.3,2.6,0.8,4.9,0.072,-1.5,0.4
201,22,8,511,11337,0.474,0.379,0.76,22.2,11.4,6.9,1.2,25.7,0.109,-0.4,4.6
202,23,6,305,6759,0.449,0.212,0.735,22.2,9.0,5.5,1.9,12.9,0.091,-0.7,2.3
203,24,8,523,9976,0.435,0.357,0.819,19.1,6.7,1.8,3.8,23.9,0.115,0.5,6.4
204,25,4,184,2927,0.434,0.346,0.766,15.9,5.4,3.5,0.6,3.2,0.053,-4.3,-1.7
205,26,0,0,0,0.0,0.0,0.0,0.0,0.0,0.0,0.0,0.0,0.0,0.0,0.0
206,27,8,448,10671,0.537,0.335,0.687,23.8,8.0,6.4,1.9,28.5,0.128,1.1,8.5
207,28,4,45,395,0.371,0.295,0.818,8.8,3.0,1.0,0.4,0.4,0.051,-2.0,0.0
208,29,3,59,532,0.426,0.306,0.548,9.0,3.3,1.9,0.3,0.6,0.054,-2.5,-0.1
209,30,8,437,7656,0.583,0.169,0.602,17.5,5.1,5.5,1.5,27.6,0.173,0.2,4.3
210,31,6,394,9382,0.427,0.351,0.714,23.8,9.8,3.1,2.0,10.1,0.052,-2.2,-0.5
211,32,8,509,10490,0.619,0.114,0.663,20.6,12.1,5.0,1.3,42.7,0.195,2.6,12.2
212,33,3,64,482,0.449,0.118,0.605,7.5,2.4,2.0,0.3,0.5,0.05,-4.8,-0.3
213,34,3,41,762,0.328,0.286,0.85,18.6,3.9,2.5,0.7,-0.2,-0.016,-5.1,-0.6
214,35,7,340,5132,0.533,0.3,0.714,15.1,7.4,5.8,1.1,16.1,0.151,0.1,2.7
215,36,2,30,225,0.467,0.0,0.724,7.5,2.1,1.9,0.1,0.5,0.105,-4.7,-0.2
216,37,8,411,8228,0.607,0.267,0.747,20.0,9.0,5.4,1.0,27.4,0.16,0.3,4.8
217,38,3,91,859,0.377,0.304,0.747,9.4,3.2,0.9,0.8,0.3,0.016,-4.7,-0.6
218,39,0,0,0,0.0,0.0,0.0,0.0,0.0,0.0,0.0,0.0,0.0,0.0,0.0
219,40,8,490,14286,0.428,0.364,0.84,29.2,11.9,3.1,2.7,25.4,0.085,-0.5,5.6
220,41,8,468,8969,0.435,0.36,0.778,19.2,6.1,3.5,1.3,20.3,0.108,-0.1,4.2
221,42,0,0,0,0.0,0.0,0.0,0.0,0.0,0.0,0.0,0.0,0.0,0.0,0.0
222,43,3,127,1077,0.393,0.296,0.768,8.5,3.4,1.0,0.9,0.4,0.016,-4.1,-0.6
223,44,3,145,2987,0.373,0.294,0.779,20.6,7.0,2.0,2.8,3.2,0.051,-2.8,-0.6
224,45,0,0,0,0.0,0.0,0.0,0.0,0.0,0.0,0.0,0.0,0.0,0.0,0.0
225,46,8,475,10815,0.465,0.388,0.826,22.8,11.9,2.6,1.5,22.6,0.1,-0.1,5.3
226,47,0,0,0,0.0,0.0,0.0,0.0,0.0,0.0,0.0,0.0,0.0,0.0,0.0
227,48,1,31,161,0.564,0.0,0.55,5.2,1.8,1.1,0.3,0.6,0.178,-0.3,0.1
228,49,0,0,0,0.0,0.0,0.0,0.0,0.0,0.0,0.0,0.0,0.0,0.0,0.0
229,50,0,0,0,0.0,0.0,0.0,0.0,0.0,0.0,0.0,0.0,0.0,0.0,0.0
230,51,0,0,0,0.0,0.0,0.0,0.0,0.0,0.0,0.0,0.0,0.0,0.0,0.0
231,52,0,0,0,0.0,0.0,0.0,0.0,0.0,0.0,0.0,0.0,0.0,0.0,0.0
232,53,0,0,0,0.0,0.0,0.0,0.0,0.0,0.0,0.0,0.0,0.0,0.0,0.0
233,54,0,0,0,0.0,0.0,0.0,0.0,0.0,0.0,0.0,0.0,0.0,0.0,0.0
234,55,0,0,0,0.0,0.0,0.0,0.0,0.0,0.0,0.0,0.0,0.0,0.0,0.0
235,56,1,6,29,0.4,0.0,1.0,4.8,0.8,0.7,0.0,0.0,0.069,-5.7,0.0
236,57,0,0,0,0.0,0.0,0.0,0.0,0.0,0.0,0.0,0.0,0.0,0.0,0.0
237,58,0,0,0,0.0,0.0,0.0,0.0,0.0,0.0,0.0,0.0,0.0,0.0,0.0
238,59,0,0,0,0.0,0.0,0.0,0.0,0.0,0.0,0.0,0.0,0.0,0.0,0.0
239,60,0,0,0,0.0,0.0,0.0,0.0,0.0,0.0,0.0,0.0,0.0,0.0,0.0
240,1,9,635,22125,0.449,0.354,0.72,34.8,19.1,4.5,2.3,26.2,0.057,-1.5,3.0
241,2,8,310,8535,0.494,0.326,0.743,27.5,14.1,5.5,2.0,13.8,0.078,-0.8,2.5
242,3,7,383,12168,0.498,0.34,0.818,31.8,27.1,11.2,3.4,53.9,0.212,6.4,25.6
243,4,9,585,16994,0.472,0.326,0.69,29.0,13.4,6.3,2.5,34.9,0.098,0.1,9.2
244,5,6,245,4545,0.407,0.305,0.764,18.6,5.7,1.8,2.1,3.1,0.032,-3.3,-1.5
245,6,9,573,17202,0.385,0.322,0.778,30.0,10.5,3.6,4.6,32.5,0.091,-0.3,7.5
246,7,9,589,18695,0.47,0.335,0.745,31.7,18.6,9.4,3.6,39.3,0.101,0.9,13.5
247,8,6,343,6701,0.389,0.354,0.812,19.5,6.7,2.0,1.5,3.9,0.028,-3.0,-1.7
248,9,8,362,5854,0.459,0.307,0.692,16.2,4.7,4.9,0.7,9.4,0.077,-2.5,-0.8
249,10,8,500,13383,0.447,0.287,0.623,26.8,10.1,4.0,5.7,15.8,0.057,-0.9,3.7
250,11,9,586,12232,0.475,0.412,0.81,20.9,9.3,2.3,1.0,20.1,0.079,-2.0,0.0
251,12,6,406,9686,0.443,0.359,0.838,23.9,11.1,5.6,1.9,17.9,0.089,-0.9,2.7
252,13,9,542,17525,0.463,0.385,0.833,32.3,20.4,4.0,3.9,29.3,0.08,0.6,11.6
253,14,8,366,10094,0.506,0.356,0.781,27.6,14.7,4.0,1.2,20.4,0.097,-0.4,4.1
254,15,4,107,1403,0.406,0.254,0.68,13.1,4.0,2.9,0.6,-0.6,-0.019,-5.9,-1.4
255,16,9,460,11123,0.502,0.287,0.671,24.2,12.3,8.6,2.3,25.9,0.112,0.4,6.7
256,17,4,95,812,0.367,0.277,0.563,8.5,2.3,1.0,0.3,0.8,0.046,-3.4,-0.3
257,18,4,186,2336,0.419,0.317,0.768,12.6,4.2,1.3,1.9,1.3,0.026,-3.4,-0.8
258,19,9,506,14421,0.448,0.368,0.815,28.5,11.6,2.5,2.0,22.7,0.075,-1.3,2.4
259,20,7,105,1293,0.403,0.308,0.836,12.3,4.2,2.6,0.7,1.5,0.054,-2.7,-0.2
260,21,2,52,557,0.527,0.0,0.58,10.7,4.4,3.5,0.3,1.3,0.108,-2.6,-0.1
261,22,2,32,263,0.402,0.385,0.607,8.2,3.2,0.9,0.6,0.4,0.07,1.7,0.2
262,23,8,448,10977,0.42,0.366,0.841,24.5,10.4,2.6,1.6,17.4,0.076,-1.2,2.2
263,24,6,345,5986,0.397,0.345,0.815,17.4,7.1,1.9,2.5,8.1,0.065,-0.7,2.0
264,25,9,524,14028,0.625,0.0,0.531,26.8,12.4,10.7,1.0,58.6,0.201,2.0,14.2
265,26,2,111,2000,0.343,0.295,0.81,18.0,6.0,2.4,0.5,0.9,0.021,-3.9,-1.0
266,27,6,359,10266,0.439,0.386,0.82,28.6,14.2,3.4,3.3,18.2,0.085,0.4,6.1
267,28,3,66,376,0.37,0.333,0.813,5.7,2.0,0.5,0.5,0.1,0.007,-4.3,-0.2
268,29,3,76,1068,0.346,0.312,0.24,14.1,2.5,2.4,0.3,0.7,0.03,-3.5,-0.4
269,30,9,562,12131,0.481,0.345,0.718,21.6,6.9,4.5,2.5,31.3,0.124,1.8,11.8
270,31,1,20,156,0.351,0.231,0.875,7.8,1.8,1.6,0.5,-0.1,-0.024,-5.6,-0.1
271,32,3,148,2092,0.412,0.29,0.776,14.1,5.3,2.2,0.6,1.3,0.03,-2.8,-0.4
272,33,9,476,11957,0.48,0.437,0.772,25.1,10.7,3.1,1.6,22.6,0.091,-0.7,4.0
273,34,2,56,801,0.346,0.263,0.75,14.3,4.3,2.2,0.8,-0.6,-0.039,-5.9,-0.8
274,35,3,28,151,0.581,0.0,0.531,5.4,2.4,1.4,0.3,0.6,0.202,0.1,0.1
275,36,4,147,1684,0.402,0.36,0.663,11.5,3.5,2.4,0.5,0.2,0.006,-6.2,-1.8
276,37,0,0,0,0.0,0.0,0.0,0.0,0.0,0.0,0.0,0.0,0.0,0.0,0.0
277,38,9,454,12508,0.418,0.334,0.797,27.6,13.7,3.1,5.1,27.9,0.107,0.4,7.6
278,39,9,618,16700,0.456,0.358,0.737,27.0,12.3,4.0,1.5,32.7,0.094,-0.4,6.8
279,40,7,304,5299,0.457,0.373,0.779,17.4,5.9,2.6,0.8,7.9,0.071,-1.7,0.4
280,41,8,588,18083,0.552,0.35,0.828,30.8,20.2,10.5,6.6,92.9,0.247,9.4,51.8
281,42,1,28,262,0.347,0.238,0.68,9.4,2.6,1.4,0.4,-0.1,-0.02,-6.5,-0.3
282,43,2,13,101,0.625,0.0,0.273,7.8,2.5,2.5,0.3,0.2,0.118,-0.4,0.0
283,44,3,113,1794,0.38,0.295,0.781,15.9,5.2,2.1,1.2,1.1,0.029,-2.9,-0.4
284,45,9,576,11017,0.597,0.292,0.744,19.1,7.6,4.6,1.0,42.6,0.186,1.0,8.4
285,46,9,661,18179,0.44,0.338,0.826,27.5,15.9,3.4,2.7,23.6,0.062,-0.6,6.5
286,47,2,27,131,0.319,0.188,0.769,4.9,2.0,0.6,0.7,-0.2,-0.068,-5.1,-0.1
287,48,2,40,435,0.326,0.236,0.72,10.9,2.3,1.4,1.1,0.1,0.006,-5.7,-0.4
288,49,2,36,167,0.296,0.2,0.846,4.6,1.2,1.0,0.2,-0.1,-0.021,-8.1,-0.3
289,50,0,0,0,0.0,0.0,0.0,0.0,0.0,0.0,0.0,0.0,0.0,0.0,0.0
290,51,5,155,1271,0.501,0.153,0.542,8.2,2.7,1.8,0.6,1.7,0.064,-4.0,-0.6
291,52,0,0,0,0.0,0.0,0.0,0.0,0.0,0.0,0.0,0.0,0.0,0.0,0.0
292,53,0,0,0,0.0,0.0,0.0,0.0,0.0,0.0,0.0,0.0,0.0,0.0,0.0
293,54,0,0,0,0.0,0.0,0.0,0.0,0.0,0.0,0.0,0.0,0.0,0.0,0.0
294,55,1,64,973,0.345,0.19,0.548,15.2,2.9,1.4,2.0,0.1,0.006,-5.1,-0.8
295,56,2,44,457,0.304,0.222,0.375,10.4,2.2,1.6,0.7,-0.3,-0.028,-5.5,-0.4
296,57,0,0,0,0.0,0.0,0.0,0.0,0.0,0.0,0.0,0.0,0.0,0.0,0.0
297,58,4,123,1696,0.417,0.355,0.772,13.8,6.9,1.8,1.4,1.7,0.048,-2.1,0.0
298,59,0,0,0,0.0,0.0,0.0,0.0,0.0,0.0,0.0,0.0,0.0,0.0,0.0
299,60,2,58,581,0.444,0.125,0.583,10.0,3.5,2.8,0.3,0.9,0.071,-3.3,-0.2
300,1,4,151,1905,0.392,0.261,0.67,12.6,4.4,3.1,0.5,0.5,0.013,-4.8,-1.3
301,2,10,499,16139,0.436,0.346,0.789,32.3,16.9,4.5,3.9,25.6,0.076,0.7,10.9
302,3,10,512,13226,0.478,0.397,0.797,25.8,10.5,5.0,1.5,36.5,0.132,1.8,12.6
303,4,10,504,11103,0.52,0.219,0.731,22.0,8.4,5.9,1.4,32.4,0.14,-0.6,4.0
304,5,10,587,10822,0.507,0.328,0.683,18.4,7.5,5.7,0.8,21.6,0.096,-2.0,0.1
305,6,9,467,10281,0.546,0.2,0.655,22.0,7.1,6.1,1.1,28.3,0.132,0.9,7.4
306,7,9,556,12534,0.414,0.363,0.78,22.5,9.0,2.3,1.0,9.0,0.035,-3.1,-3.4
307,8,10,749,22061,0.425,0.366,0.815,29.5,11.5,3.1,1.8,38.9,0.085,-0.8,6.8
308,9,9,498,10401,0.41,0.345,0.81,20.9,9.6,1.8,3.1,12.9,0.06,-1.3,1.7
309,10,10,652,20797,0.453,0.394,0.808,31.9,19.4,3.5,3.7,43.4,0.1,1.3,17.2
310,11,8,391,9898,0.402,0.255,0.706,25.3,10.3,4.4,4.4,6.6,0.032,-1.2,1.9
311,12,10,706,18944,0.587,0.067,0.536,26.8,9.2,8.2,1.5,59.4,0.15,0.5,12.1
312,13,10,667,15016,0.478,0.368,0.79,22.5,10.2,5.1,2.2,38.9,0.124,0.8,10.6
313,14,5,278,4772,0.473,0.319,0.751,17.2,9.0,2.8,0.5,8.5,0.085,-2.0,0.0
314,15,10,710,23112,0.535,0.288,0.71,32.6,22.6,9.6,4.7,95.0,0.197,6.2,47.8
315,16,4,141,1754,0.632,0.265,0.64,12.4,3.2,2.8,0.5,6.0,0.165,2.3,1.9
316,17,10,677,18162,0.434,0.337,0.837,26.8,14.1,2.9,4.7,25.7,0.068,-1.4,2.9
317,18,4,256,4880,0.422,0.336,0.777,19.1,5.5,1.9,2.9,4.4,0.044,-2.4,-0.6
318,19,3,95,1110,0.395,0.282,0.842,11.7,3.0,1.5,0.9,0.8,0.036,-3.4,-0.4
319,20,9,601,13093,0.431,0.394,0.846,21.8,6.1,2.3,1.1,18.5,0.068,-2.0,-0.1
320,21,10,620,12496,0.497,0.356,0.791,20.2,7.3,5.6,1.3,30.7,0.118,0.3,7.2
321,22,10,728,16598,0.594,0.049,0.566,22.8,8.6,6.9,2.5,51.3,0.148,1.4,14.3
322,23,9,448,9652,0.388,0.331,0.797,21.5,5.5,3.1,1.5,11.9,0.059,-2.1,-0.3
323,24,10,649,17745,0.419,0.36,0.807,27.3,13.9,2.9,1.9,27.7,0.075,-0.9,4.9
324,25,10,501,11825,0.424,0.384,0.827,23.6,7.7,2.7,1.2,20.6,0.084,-1.1,2.8
325,26,7,307,6801,0.473,0.253,0.468,22.2,4.5,4.0,0.9,12.6,0.089,-0.6,2.3
326,27,10,669,20068,0.655,0.0,0.639,30.0,12.5,11.6,1.3,93.2,0.223,3.7,29.0
327,28,0,0,0,0.0,0.0,0.0,0.0,0.0,0.0,0.0,0.0,0.0,0.0,0.0
328,29,4,165,2396,0.429,0.236,0.7,14.5,6.3,2.0,1.2,1.1,0.022,-3.0,-0.6
329,30,1,24,142,0.205,0.167,0.875,5.9,1.1,0.6,0.5,-0.4,-0.132,-10.0,-0.3
330,31,7,381,9125,0.425,0.387,0.831,24.0,9.1,2.8,1.1,13.7,0.072,-1.6,0.9
331,32,3,174,2777,0.387,0.368,0.88,16.0,5.3,1.4,0.5,5.0,0.086,-1.9,0.1
332,33,1,7,38,0.5,0.4,0.75,5.4,2.7,0.9,0.6,0.0,0.057,-3.4,0.0
333,34,6,235,4799,0.371,0.351,0.836,20.4,8.1,1.9,1.9,4.3,0.043,-2.4,-0.5
334,35,2,16,152,0.269,0.25,0.692,9.5,2.7,1.5,0.6,-0.2,-0.065,-6.6,-0.2
335,36,3,154,2808,0.408,0.335,0.711,18.2,6.0,2.0,2.4,2.1,0.035,-2.6,-0.4
336,37,1,21,79,0.417,1.0,0.579,3.8,1.0,1.2,0.1,0.2,0.151,0.4,0.0
337,38,3,84,1575,0.423,0.261,0.635,18.8,5.5,2.2,2.5,0.9,0.028,-2.6,-0.2
338,39,5,206,2072,0.525,0.143,0.716,10.1,3.2,2.5,0.3,6.8,0.157,0.5,1.3
339,40,1,8,51,0.269,0.067,1.0,6.4,2.0,1.1,0.4,-0.1,-0.128,-10.8,-0.1
340,41,2,24,174,0.415,0.462,1.0,7.3,1.8,1.0,0.4,0.0,-0.006,-5.9,-0.2
341,42,1,8,84,0.333,0.273,0.857,10.5,4.4,1.1,2.4,0.0,0.021,-4.4,-0.1
342,43,2,28,277,0.336,0.371,0.769,9.9,3.9,1.4,0.8,-0.6,-0.096,-7.6,-0.4
343,44,10,484,7469,0.456,0.378,0.84,15.4,6.2,3.2,0.9,18.5,0.119,0.2,4.1
344,45,0,0,0,0.0,0.0,0.0,0.0,0.0,0.0,0.0,0.0,0.0,0.0,0.0
345,46,2,52,452,0.377,0.288,0.857,8.7,3.1,0.7,0.8,0.1,0.011,-4.0,-0.2
346,47,8,431,6706,0.458,0.364,0.811,15.6,5.7,1.5,2.1,11.4,0.082,-1.5,0.9
347,48,4,163,3125,0.378,0.316,0.797,19.2,6.0,3.1,1.3,3.0,0.046,-2.6,-0.5
348,49,1,24,62,0.231,0.0,0.0,2.6,0.3,0.3,0.1,-0.1,-0.055,-8.6,-0.1
349,50,8,395,8022,0.457,0.36,0.797,20.3,6.7,3.3,0.9,16.2,0.097,-1.5,0.9
350,51,0,0,0,0.0,0.0,0.0,0.0,0.0,0.0,0.0,0.0,0.0,0.0,0.0
351,52,5,103,1185,0.364,0.17,0.707,11.5,2.8,1.5,1.8,-0.2,-0.007,-3.5,-0.5
352,53,0,0,0,0.0,0.0,0.0,0.0,0.0,0.0,0.0,0.0,0.0,0.0,0.0
353,54,0,0,0,0.0,0.0,0.0,0.0,0.0,0.0,0.0,0.0,0.0,0.0,0.0
354,55,4,208,2823,0.479,0.285,0.719,13.6,5.6,3.8,0.9,5.2,0.089,-2.1,-0.1
355,56,1,24,224,0.316,0.28,0.733,9.3,2.3,0.6,1.4,-0.2,-0.032,-6.4,-0.2
356,57,0,0,0,0.0,0.0,0.0,0.0,0.0,0.0,0.0,0.0,0.0,0.0,0.0
357,58,0,0,0,0.0,0.0,0.0,0.0,0.0,0.0,0.0,0.0,0.0,0.0,0.0
358,59,0,0,0,0.0,0.0,0.0,0.0,0.0,0.0,0.0,0.0,0.0,0.0,0.0
359,60,0,0,0,0.0,0.0,0.0,0.0,0.0,0.0,0.0,0.0,0.0,0.0,0.0
360,1,11,648,22280,0.518,0.301,0.795,34.4,24.0,10.4,2.4,98.1,0.211,6.1,45.3
361,2,8,446,10978,0.474,0.272,0.715,24.6,8.4,5.4,1.2,21.0,0.092,-1.8,0.6
362,3,11,692,23994,0.46,0.372,0.823,34.7,22.2,4.1,4.3,52.4,0.105,1.8,22.7
363,4,8,419,11835,0.412,0.346,0.694,28.2,13.1,2.6,2.8,8.8,0.036,-2.1,-0.4
364,5,5,313,4204,0.47,0.0,0.505,13.4,4.9,4.8,0.6,4.6,0.053,-3.5,-1.6
365,6,11,766,27832,0.439,0.373,0.895,36.3,25.2,4.2,6.7,103.3,0.178,4.9,48.4
366,7,11,815,26005,0.455,0.378,0.809,31.9,14.2,5.1,1.8,50.1,0.093,-0.8,7.7
367,8,11,720,17721,0.418,0.362,0.837,24.6,11.0,2.8,1.3,24.4,0.066,-1.0,4.4
368,9,11,773,21980,0.542,0.129,0.475,28.4,13.3,12.8,1.3,70.0,0.153,1.2,17.9
369,10,11,705,16847,0.419,0.349,0.653,23.9,8.5,2.0,2.1,15.2,0.043,-3.1,-4.4
370,11,10,452,7192,0.482,0.391,0.811,15.9,5.6,3.9,0.9,15.6,0.104,-1.4,1.1
371,12,10,573,11896,0.439,0.342,0.857,20.8,10.1,3.6,1.6,26.8,0.108,0.6,7.9
372,13,4,160,3083,0.399,0.37,0.611,19.3,5.0,1.6,4.9,1.0,0.015,-3.5,-1.1
373,14,8,445,8752,0.54,0.25,0.568,19.7,7.6,5.3,1.1,20.7,0.113,-0.5,3.4
374,15,10,621,14019,0.474,0.32,0.624,22.6,6.9,3.5,0.9,23.0,0.079,-0.8,4.1
375,16,1,3,9,0.0,0.0,0.0,3.0,0.0,0.0,0.0,0.0,-0.121,-16.9,0.0
376,17,8,414,7254,0.508,0.286,0.764,17.5,6.9,4.4,0.9,17.1,0.113,-2.0,0.0
377,18,6,234,5562,0.501,0.297,0.621,23.8,10.4,5.7,1.0,14.7,0.127,0.5,3.6
378,19,5,285,4080,0.467,0.321,0.773,14.3,6.0,3.0,0.4,3.8,0.045,-3.6,-1.6
379,20,11,668,18889,0.444,0.379,0.799,28.3,14.0,2.7,2.6,30.8,0.078,-1.0,4.8
380,21,5,269,6532,0.436,0.272,0.723,24.3,10.8,7.5,1.8,15.3,0.113,-0.4,2.7
381,22,1,6,36,0.5,0.0,0.25,6.0,1.2,0.5,0.0,0.0,0.021,-7.6,-0.1
382,23,6,171,2183,0.441,0.367,0.847,12.8,5.0,1.5,0.8,3.0,0.065,-1.9,0.1
383,24,4,84,605,0.347,0.306,0.674,7.2,2.3,0.7,0.5,0.2,0.017,-5.7,-0.6
384,25,4,145,3076,0.413,0.231,0.647,21.2,11.1,2.5,3.0,-1.3,-0.021,-3.4,-1.1
385,26,7,346,5658,0.542,0.0,0.543,16.4,4.9,4.5,0.5,10.6,0.09,-1.9,0.2
386,27,2,59,729,0.547,0.0,0.667,12.4,3.6,3.1,0.2,1.7,0.113,-2.8,-0.1
387,28,3,143,1675,0.42,0.293,0.66,11.7,3.4,1.8,0.4,1.7,0.048,-3.5,-0.6
388,29,3,91,909,0.343,0.222,0.661,10.0,2.4,1.0,1.5,-0.9,-0.045,-6.5,-1.0
389,30,3,170,2394,0.513,0.0,0.557,14.1,4.2,4.3,0.4,5.9,0.119,-2.0,0.0
390,31,3,132,2566,0.409,0.319,0.665,19.4,6.1,2.0,0.8,1.3,0.024,-4.2,-1.5
391,32,6,388,8617,0.468,0.354,0.82,22.2,6.9,2.9,4.1,17.9,0.1,-0.9,2.4
392,33,3,92,761,0.497,0.0,0.68,8.3,2.2,2.3,0.1,1.9,0.117,-1.8,0.0
393,34,11,746,18767,0.418,0.347,0.778,25.2,9.5,4.3,1.6,40.9,0.105,0.3,11.0
394,35,11,747,21462,0.447,0.316,0.711,28.7,8.7,7.0,5.6,56.8,0.127,2.5,24.5
395,36,3,103,1112,0.358,0.311,0.727,10.8,3.2,1.7,0.7,1.4,0.059,-2.4,-0.1
396,37,7,337,5392,0.444,0.35,0.759,16.0,4.9,3.5,0.6,8.7,0.078,-2.0,-0.1
397,38,3,69,934,0.35,0.292,0.706,13.5,4.3,2.4,0.5,-0.1,-0.003,-3.9,-0.5
398,39,11,676,21277,0.457,0.39,0.881,31.5,17.0,4.8,3.8,52.1,0.117,0.7,14.7
399,40,11,669,16964,0.431,0.355,0.787,25.4,11.3,4.1,2.7,26.4,0.075,-0.4,6.9
400,41,2,61,491,0.354,0.36,0.684,8.0,2.9,0.5,0.9,-0.9,-0.088,-8.1,-0.8
401,42,2,100,1272,0.381,0.394,0.7,12.7,3.5,1.0,0.8,0.1,0.005,-5.8,-1.2
402,43,9,555,9182,0.453,0.362,0.757,16.5,6.7,3.1,0.9,16.8,0.088,-1.7,0.6
403,44,1,41,407,0.375,0.28,0.724,9.9,2.9,0.9,0.6,0.2,0.021,-4.2,-0.2
404,45,3,113,1961,0.464,0.309,0.798,17.4,6.1,3.6,0.8,3.7,0.091,-0.9,0.5
405,46,6,271,5358,0.419,0.383,0.84,19.8,5.9,1.6,1.4,6.5,0.059,-2.3,-0.4
406,47,1,17,52,0.25,0.2,0.0,3.1,0.9,0.2,0.1,-0.3,-0.272,-16.8,-0.2
407,48,2,69,1089,0.354,0.297,0.688,15.8,3.6,2.3,1.5,0.3,0.015,-2.7,-0.2
408,49,8,472,6714,0.517,0.218,0.74,14.2,5.4,4.6,1.4,17.8,0.128,0.9,5.0
409,50,0,0,0,0.0,0.0,0.0,0.0,0.0,0.0,0.0,0.0,0.0,0.0,0.0
410,51,1,10,54,0.143,0.0,0.625,5.4,0.9,0.7,0.1,-0.1,-0.127,-9.9,-0.1
411,52,2,37,164,0.52,0.0,0.6,4.4,0.9,1.0,0.2,0.2,0.061,-5.6,-0.2
412,53,1,41,540,0.513,0.0,0.481,13.2,2.3,4.3,0.7,1.4,0.122,-3.6,-0.2
413,54,2,45,247,0.451,0.125,0.5,5.5,1.3,0.9,0.4,-0.2,-0.032,-7.0,-0.3
414,55,2,7,21,0.0,0.0,0.0,3.0,0.0,0.9,0.3,-0.3,-0.597,-25.5,-0.1
415,56,0,0,0,0.0,0.0,0.0,0.0,0.0,0.0,0.0,0.0,0.0,0.0,0.0
416,57,0,0,0,0.0,0.0,0.0,0.0,0.0,0.0,0.0,0.0,0.0,0.0,0.0
417,58,2,98,1397,0.418,0.343,0.867,14.3,3.9,2.7,0.5,1.9,0.066,-3.1,-0.4
418,59,0,0,0,0.0,0.0,0.0,0.0,0.0,0.0,0.0,0.0,0.0,0.0,0.0
419,60,4,189,2745,0.436,0.0,0.671,14.5,4.2,3.1,0.7,2.4,0.042,-4.0,-1.4
420,1,12,662,22698,0.472,0.392,0.884,34.3,23.4,3.9,5.7,78.2,0.165,4.5,37.0
421,2,7,428,8864,0.434,0.3,0.71,20.7,8.9,4.0,0.7,14.1,0.076,-1.6,0.8
422,3,11,748,16101,0.548,0.289,0.777,21.5,11.2,7.8,0.9,52.8,0.157,-0.1,7.6
423,4,11,730,19556,0.519,0.263,0.605,26.8,9.0,8.4,1.0,47.6,0.117,-1.7,1.4
424,5,11,761,19750,0.562,0.356,0.788,26.0,13.5,9.5,1.2,71.9,0.175,1.0,14.8
425,6,3,162,2455,0.521,0.0,0.408,15.2,3.6,3.5,0.6,4.0,0.078,-2.6,-0.4
426,7,12,788,15390,0.532,0.0,0.557,19.5,5.1,5.9,0.6,30.4,0.095,-2.6,-2.2
427,8,9,451,13202,0.411,0.352,0.807,29.3,14.0,3.1,3.9,11.6,0.042,-1.6,1.4
428,9,12,750,24810,0.418,0.36,0.84,33.1,19.3,3.8,5.3,59.9,0.116,2.8,29.8
429,10,6,241,3213,0.409,0.372,0.879,13.3,6.0,1.0,1.4,2.2,0.033,-2.5,-0.4
430,11,10,705,23186,0.456,0.416,0.852,32.9,19.8,3.5,2.3,51.1,0.106,0.7,15.8
431,12,12,676,15501,0.419,0.384,0.801,22.9,10.8,3.5,2.0,28.7,0.089,-0.4,6.2
432,13,12,747,18033,0.446,0.343,0.778,24.1,10.6,5.1,1.6,27.5,0.073,-1.4,2.8
433,14,12,778,21143,0.435,0.377,0.773,27.2,12.4,4.5,1.5,38.5,0.087,-0.6,7.2
434,15,11,618,19432,0.495,0.387,0.86,31.4,19.6,6.4,3.0,89.2,0.22,6.8,43.3
435,16,12,809,25171,0.495,0.348,0.761,31.1,17.0,10.5,2.8,65.6,0.125,2.2,27.0
436,17,10,461,11470,0.391,0.337,0.764,24.9,7.2,3.3,1.8,12.9,0.054,-1.7,0.9
437,18,3,148,2605,0.376,0.319,0.633,17.6,4.1,3.2,0.6,2.3,0.042,-3.2,-0.8
438,19,12,816,25699,0.477,0.368,0.83,31.5,16.2,6.2,2.3,63.1,0.118,1.0,19.5
439,20,6,251,4566,0.469,0.3,0.597,18.2,7.3,3.8,1.1,7.1,0.075,-2.5,-0.5
440,21,2,84,829,0.371,0.26,0.714,9.9,3.3,1.0,1.2,-0.8,-0.047,-6.0,-0.8
441,22,8,478,11728,0.546,0.222,0.654,24.5,11.4,8.1,1.0,38.8,0.159,0.5,7.5
442,23,5,319,7718,0.423,0.359,0.808,24.2,12.3,5.9,1.3,20.8,0.129,1.6,7.1
443,24,12,764,19520,0.422,0.345,0.857,25.5,12.8,2.9,4.2,33.9,0.083,-0.3,8.3
444,25,5,200,3456,0.447,0.345,0.751,17.3,8.0,2.1,1.4,3.3,0.046,-1.6,0.4
445,26,5,151,2100,0.408,0.357,0.67,13.9,5.9,2.8,0.8,3.0,0.069,-0.1,1.0
446,27,1,36,298,0.446,0.0,0.667,8.3,3.2,1.6,0.2,0.2,0.032,-3.9,-0.1
447,28,6,360,8018,0.407,0.324,0.743,22.3,7.0,2.0,2.7,3.0,0.018,-4.1,-4.1
448,29,12,779,17073,0.443,0.345,0.787,21.9,7.0,2.5,3.0,30.0,0.084,-1.1,3.9
449,30,12,746,24728,0.466,0.322,0.842,33.1,18.1,5.4,4.2,103.9,0.202,4.9,43.3
450,31,9,662,19412,0.46,0.394,0.865,29.3,15.6,3.6,1.7,36.7,0.091,-0.7,6.2
451,32,3,22,150,0.34,0.276,0.333,6.8,2.0,0.8,0.2,-0.3,-0.093,-8.7,-0.2
452,33,6,356,7794,0.418,0.362,0.786,21.9,6.5,2.9,0.8,10.0,0.062,-2.5,-0.9
453,34,8,456,8392,0.423,0.33,0.731,18.4,6.6,2.0,3.1,10.3,0.059,-1.9,0.1
454,35,2,24,120,0.314,0.2,0.714,5.0,1.2,1.0,0.4,-0.1,-0.049,-5.1,-0.1
455,36,1,43,635,0.507,0.0,0.652,14.8,4.6,3.6,0.3,1.3,0.101,-2.1,0.0
456,37,1,24,119,0.393,0.308,0.714,5.0,2.4,1.0,0.1,0.0,0.004,-5.7,-0.1
457,38,9,440,13246,0.462,0.373,0.713,30.1,12.7,4.5,2.7,28.9,0.105,1.1,10.2
458,39,3,104,1034,0.45,0.0,0.557,9.9,3.6,2.6,0.2,0.3,0.014,-7.0,-1.3
459,40,8,377,5945,0.484,0.328,0.767,15.8,6.4,3.8,0.8,13.2,0.107,-0.7,2.0
460,41,4,132,1464,0.384,0.322,0.63,11.1,3.3,1.0,1.4,-0.3,-0.01,-5.1,-1.2
461,42,7,425,7790,0.424,0.397,0.859,18.3,7.8,2.6,1.0,17.5,0.108,0.3,4.5
462,43,3,36,534,0.382,0.294,0.703,14.8,3.9,1.8,1.4,0.4,0.04,-2.5,-0.1
463,44,2,110,1334,0.434,0.182,0.754,12.1,3.7,0.9,1.9,0.5,0.017,-4.5,-0.8
464,45,3,75,888,0.438,0.347,0.629,11.8,3.5,3.0,0.3,2.1,0.116,-0.4,0.4
465,46,3,49,475,0.393,0.345,0.875,9.7,4.0,0.7,0.5,0.0,0.003,-5.0,-0.3
466,47,1,10,45,0.357,0.0,0.444,4.5,1.4,0.9,0.5,0.1,0.06,-0.3,0.0
467,48,1,3,9,0.0,0.0,0.0,3.0,0.0,1.0,0.0,0.0,-0.005,-7.7,0.0
468,49,2,38,296,0.33,0.143,0.72,7.8,2.2,0.5,0.9,-0.7,-0.113,-9.5,-0.6
469,50,6,388,6905,0.471,0.133,0.682,17.8,4.8,4.8,1.0,13.8,0.096,-2.1,-0.1
470,51,0,0,0,0.0,0.0,0.0,0.0,0.0,0.0,0.0,0.0,0.0,0.0,0.0
471,52,1,23,135,0.543,0.0,0.571,5.9,2.0,1.5,0.2,0.5,0.161,1.2,0.1
472,53,5,177,1907,0.402,0.352,0.549,10.8,2.0,1.4,0.7,1.6,0.04,-2.2,-0.1
473,54,0,0,0,0.0,0.0,0.0,0.0,0.0,0.0,0.0,0.0,0.0,0.0,0.0
474,55,10,598,12564,0.455,0.388,0.742,21.0,7.9,2.0,1.8,14.8,0.057,-1.9,0.2
475,56,0,0,0,0.0,0.0,0.0,0.0,0.0,0.0,0.0,0.0,0.0,0.0,0.0
476,57,0,0,0,0.0,0.0,0.0,0.0,0.0,0.0,0.0,0.0,0.0,0.0,0.0
477,58,0,0,0,0.0,0.0,0.0,0.0,0.0,0.0,0.0,0.0,0.0,0.0,0.0
478,59,0,0,0,0.0,0.0,0.0,0.0,0.0,0.0,0.0,0.0,0.0,0.0,0.0
479,60,11,550,15563,0.434,0.362,0.872,28.3,17.7,2.4,4.8,45.3,0.14,2.1,16.1
480,1,11,647,22588,0.43,0.322,0.776,34.9,18.7,4.2,8.9,44.5,0.095,2.2,24.1
481,2,10,705,18938,0.434,0.294,0.782,26.9,9.7,4.6,3.5,20.2,0.051,-1.9,0.5
482,3,12,790,19202,0.534,0.198,0.663,24.3,10.6,7.1,1.1,60.2,0.15,0.9,14.0
483,4,9,609,13472,0.404,0.337,0.741,22.1,7.0,3.2,1.1,10.7,0.038,-1.6,1.2
484,5,11,654,19509,0.46,0.331,0.737,29.8,19.6,10.2,3.0,46.8,0.115,2.4,21.6
485,6,7,384,5694,0.453,0.0,0.718,14.8,3.5,2.9,0.7,10.4,0.088,-1.4,0.8
486,7,10,646,17670,0.514,0.059,0.703,27.4,13.0,8.2,2.1,50.4,0.137,1.4,15.3
487,8,11,711,17698,0.42,0.332,0.746,24.9,7.5,6.0,1.2,27.6,0.075,-0.6,6.5
488,9,13,779,24258,0.454,0.369,0.824,31.1,15.5,4.5,3.5,61.6,0.122,1.7,22.9
489,10,13,790,26574,0.437,0.382,0.85,33.6,20.6,6.4,3.7,81.2,0.147,4.0,40.1
490,11,8,339,3389,0.527,0.0,0.738,10.0,3.1,3.3,0.5,9.6,0.135,0.1,1.8
491,12,5,185,2905,0.406,0.325,0.635,15.7,5.7,1.9,0.6,0.8,0.013,-4.4,-1.7
492,13,12,722,13756,0.567,0.0,0.583,19.1,5.9,6.4,0.7,43.3,0.151,-0.2,6.2
493,14,11,719,14923,0.447,0.369,0.755,20.8,6.7,3.9,1.0,31.9,0.102,0.0,7.4
494,15,6,238,4635,0.48,0.0,0.553,19.5,6.4,5.7,0.7,10.3,0.107,-1.1,1.1
495,16,8,381,5332,0.408,0.402,0.747,14.0,4.8,2.2,0.6,7.2,0.065,-2.1,-0.1
496,17,7,423,6430,0.489,0.0,0.715,15.2,5.9,3.5,0.6,5.9,0.044,-4.3,-3.6
497,18,12,756,21021,0.452,0.336,0.784,27.8,13.7,3.9,4.7,46.1,0.105,1.6,18.8
498,19,12,660,18151,0.434,0.365,0.783,27.5,11.0,2.8,1.7,17.2,0.045,-2.4,-1.8
499,20,5,247,4320,0.411,0.321,0.755,17.5,5.8,2.3,1.2,3.3,0.037,-2.7,-0.8
500,21,2,17,121,0.265,0.214,0.5,7.1,1.8,1.1,0.5,-0.2,-0.089,-9.9,-0.2
501,22,4,109,1470,0.421,0.31,0.669,13.5,4.9,1.5,0.9,0.7,0.024,-4.9,-1.1
502,23,8,532,10872,0.515,0.305,0.636,20.4,6.9,5.5,1.1,26.2,0.116,-0.5,4.2
503,24,4,39,623,0.415,0.0,0.667,16.0,3.8,3.4,0.7,0.0,-0.001,-3.7,-0.3
504,25,3,80,741,0.366,0.095,0.729,9.3,3.1,1.4,1.8,0.3,0.017,-2.4,-0.1
505,26,7,355,5530,0.423,0.356,0.746,15.6,4.5,1.8,0.7,9.7,0.084,-1.8,0.3
506,27,6,281,6843,0.411,0.317,0.826,24.4,12.2,2.5,3.1,6.3,0.044,-1.3,1.3
507,28,7,401,9520,0.418,0.349,0.817,23.7,9.0,2.5,4.8,12.6,0.064,-1.2,1.8
508,29,3,51,542,0.485,0.0,0.597,10.6,2.8,2.5,0.5,1.0,0.093,-3.5,-0.2
509,30,3,72,591,0.347,0.269,0.767,8.2,2.9,1.3,0.5,0.2,0.02,-4.2,-0.3
510,31,1,12,82,0.44,0.0,1.0,6.8,2.0,1.3,0.2,-0.1,-0.041,-11.6,-0.2
511,32,4,50,347,0.45,0.0,0.545,6.9,2.3,1.8,0.2,0.5,0.068,-7.7,-0.5
512,33,10,511,12645,0.586,0.308,0.605,24.7,12.6,10.8,0.6,52.0,0.197,2.5,14.5
513,34,2,47,401,0.458,0.4,0.679,8.5,3.3,1.0,1.2,-0.1,-0.015,-4.1,-0.2
514,35,7,449,9172,0.466,0.384,0.759,20.4,7.6,4.6,1.8,20.0,0.104,0.3,5.4
515,36,0,0,0,0.0,0.0,0.0,0.0,0.0,0.0,0.0,0.0,0.0,0.0,0.0
516,37,1,5,39,0.154,0.0,0.0,7.8,0.8,0.6,1.2,-0.2,-0.225,-13.0,-0.1
517,38,1,5,24,0.429,0.25,0.5,4.8,1.6,0.2,0.6,-0.2,-0.314,-13.2,-0.1
518,39,5,255,6010,0.473,0.332,0.666,23.6,6.8,4.3,1.6,10.5,0.084,-0.3,2.6
519,40,10,554,12680,0.445,0.314,0.694,22.9,8.6,4.1,2.9,17.5,0.066,-1.3,2.3
520,41,2,37,397,0.582,0.0,0.518,10.7,2.9,1.9,0.4,0.7,0.089,-3.3,-0.1
521,42,0,0,0,0.0,0.0,0.0,0.0,0.0,0.0,0.0,0.0,0.0,0.0,0.0
522,43,3,63,711,0.385,0.222,0.722,11.3,3.6,1.9,0.4,0.5,0.035,-4.8,-0.5
523,44,2,65,491,0.528,0.0,0.852,7.6,2.8,2.0,0.3,1.7,0.168,-1.0,0.1
524,45,0,0,0,0.0,0.0,0.0,0.0,0.0,0.0,0.0,0.0,0.0,0.0,0.0
525,46,1,1,2,0.0,0.0,0.0,2.0,0.0,0.0,0.0,0.0,-0.009,-15.0,0.0
526,47,0,0,0,0.0,0.0,0.0,0.0,0.0,0.0,0.0,0.0,0.0,0.0,0.0
527,48,0,0,0,0.0,0.0,0.0,0.0,0.0,0.0,0.0,0.0,0.0,0.0,0.0
528,49,0,0,0,0.0,0.0,0.0,0.0,0.0,0.0,0.0,0.0,0.0,0.0,0.0
529,50,2,26,181,0.314,0.0,0.7,7.0,1.5,2.3,0.2,0.0,0.01,-4.4,-0.1
530,51,0,0,0,0.0,0.0,0.0,0.0,0.0,0.0,0.0,0.0,0.0,0.0,0.0
531,52,2,70,871,0.376,0.241,0.737,12.4,3.6,2.8,0.5,0.9,0.048,-3.5,-0.3
532,53,1,3,21,0.333,0.0,1.0,7.0,2.3,1.0,0.7,0.0,-0.047,-6.0,0.0
533,54,1,19,134,0.371,0.333,0.75,7.1,1.9,0.6,1.4,0.2,0.065,-2.7,0.0
534,55,7,250,2626,0.569,0.231,0.687,10.5,3.5,2.6,0.4,8.2,0.15,0.9,1.9
535,56,3,33,157,0.467,0.0,0.462,4.8,0.6,0.8,0.1,0.0,0.013,-7.3,-0.2
536,57,1,5,17,0.8,0.0,0.0,3.4,1.6,0.4,0.0,0.1,0.142,-2.0,0.0
537,58,1,41,215,0.485,0.0,0.739,5.2,2.0,1.0,0.2,0.3,0.057,-7.1,-0.3
538,59,0,0,0,0.0,0.0,0.0,0.0,0.0,0.0,0.0,0.0,0.0,0.0,0.0
539,60,0,0,0,0.0,0.0,0.0,0.0,0.0,0.0,0.0,0.0,0.0,0.0,0.0
540,1,13,756,24270,0.493,0.328,0.696,32.1,19.2,8.0,4.0,80.7,0.16,3.3,32.7
541,2,5,224,2357,0.567,0.0,0.578,10.5,2.2,2.7,0.1,4.8,0.099,-2.7,-0.4
542,3,14,993,34497,0.442,0.363,0.86,34.7,24.8,5.7,7.0,157.8,0.22,6.7,75.8
543,4,10,594,18242,0.44,0.323,0.757,30.7,15.7,4.6,4.8,28.4,0.075,0.8,13.1
544,5,12,688,20518,0.388,0.325,0.842,29.8,10.9,4.1,7.4,42.2,0.099,0.6,13.4
545,6,3,163,3738,0.4,0.338,0.809,22.9,9.2,1.9,3.9,-1.1,-0.015,-4.0,-1.9
546,7,14,870,29891,0.475,0.428,0.909,34.4,24.6,4.7,6.5,126.6,0.203,6.6,64.9
547,8,8,409,7692,0.497,0.136,0.699,18.8,7.9,5.8,0.8,16.4,0.102,-2.0,0.0
548,9,14,1019,35039,0.468,0.291,0.839,34.4,21.0,4.4,4.0,90.7,0.124,0.8,24.8
549,10,9,555,16844,0.387,0.345,0.796,30.3,14.1,3.0,5.7,29.9,0.085,0.8,11.8
550,11,4,153,2922,0.412,0.317,0.659,19.1,7.1,3.6,2.4,-0.2,-0.004,-2.8,-0.6
551,12,8,535,13854,0.44,0.327,0.793,25.9,11.2,3.2,1.9,18.3,0.063,-1.8,0.6
552,13,7,428,7233,0.439,0.136,0.738,16.9,6.7,4.2,0.4,20.2,0.134,-2.0,0.0
553,14,6,261,3630,0.403,0.328,0.664,13.9,4.4,3.0,0.5,2.9,0.038,-2.8,-0.8
554,15,6,293,4132,0.402,0.351,0.778,14.1,5.2,2.6,0.7,4.5,0.053,-2.0,0.0
555,16,14,761,15439,0.474,0.302,0.679,20.3,7.6,3.5,2.1,27.5,0.086,0.4,9.4
556,17,14,896,29703,0.461,0.365,0.782,33.2,16.4,4.1,6.5,62.1,0.1,1.6,26.9
557,18,8,551,16088,0.46,0.359,0.77,29.2,12.7,2.7,6.0,42.1,0.126,1.4,13.6
558,19,12,826,22164,0.444,0.36,0.844,26.8,12.2,2.4,5.6,52.4,0.113,0.6,14.3
559,20,5,267,3896,0.392,0.35,0.721,14.6,4.3,1.3,2.8,3.3,0.041,-2.9,-0.8
560,21,11,711,20833,0.471,0.394,0.853,29.3,12.5,2.7,5.0,49.9,0.115,0.5,13.4
561,22,3,80,1072,0.398,0.293,0.585,13.4,3.2,2.2,0.7,0.2,0.011,-3.6,-0.4
562,23,10,588,11959,0.454,0.368,0.678,20.3,7.9,4.0,1.1,19.6,0.078,-0.8,3.5
563,24,5,189,3446,0.408,0.319,0.706,18.2,7.4,4.2,0.8,0.6,0.008,-4.0,-1.8
564,25,4,182,2896,0.439,0.325,0.81,15.9,7.1,1.9,2.1,4.8,0.079,-0.1,1.4
565,26,14,939,22388,0.518,0.253,0.712,23.8,8.8,5.9,1.0,59.7,0.128,-0.8,7.1
566,27,11,578,13675,0.43,0.358,0.741,23.7,8.9,4.2,1.3,29.5,0.104,0.0,6.7
567,28,13,770,16100,0.41,0.382,0.843,20.9,8.0,2.1,1.1,21.1,0.063,-1.5,2.1
568,29,8,394,7511,0.404,0.354,0.824,19.1,7.6,2.2,2.3,12.1,0.077,-0.8,2.2
569,30,2,51,1049,0.411,0.277,0.611,20.6,6.3,2.7,0.8,-0.4,-0.02,-4.2,-0.6
570,31,6,237,2322,0.553,0.4,0.776,9.8,2.9,2.7,0.4,6.3,0.131,-2.3,-0.2
571,32,2,65,786,0.441,0.284,0.73,12.1,5.4,1.7,0.7,0.2,0.014,-3.7,-0.3
572,33,10,715,14875,0.469,0.345,0.649,20.8,5.8,3.7,0.7,24.9,0.08,-1.7,1.1
573,34,0,0,0,0.0,0.0,0.0,0.0,0.0,0.0,0.0,0.0,0.0,0.0,0.0
574,35,4,83,820,0.384,0.367,0.642,9.9,3.3,1.0,0.3,-0.1,-0.008,-5.8,-0.8
575,36,4,249,3966,0.442,0.28,0.742,15.9,5.8,2.3,0.7,5.2,0.063,-2.1,-0.1
576,37,7,424,7054,0.524,0.0,0.608,16.6,6.8,5.1,0.8,19.0,0.129,-1.2,1.4
577,38,3,150,1570,0.488,0.0,0.618,10.5,2.1,3.1,0.3,3.7,0.113,-3.9,-0.8
578,39,9,635,11323,0.457,0.363,0.77,17.8,6.2,4.0,0.8,25.8,0.109,-1.0,2.9
579,40,3,171,2554,0.515,0.317,0.637,14.9,5.2,2.4,0.7,4.5,0.085,-1.3,0.4
580,41,10,539,12110,0.42,0.373,0.879,22.5,9.3,2.1,1.1,24.3,0.096,-0.6,4.2
581,42,11,580,15881,0.413,0.375,0.754,27.4,8.6,4.2,3.4,36.8,0.111,0.9,11.6
582,43,8,483,11299,0.425,0.358,0.83,23.4,11.9,2.8,1.4,20.0,0.085,0.2,6.2
583,44,7,407,7998,0.43,0.352,0.797,19.7,7.9,3.0,1.2,13.9,0.083,-0.5,2.9
584,45,2,129,2011,0.441,0.288,0.581,15.6,4.6,1.9,2.7,2.6,0.063,-0.5,0.8
585,46,14,827,20827,0.421,0.4,0.805,25.2,8.7,3.4,1.5,49.1,0.113,1.9,20.2
586,47,0,0,0,0.0,0.0,0.0,0.0,0.0,0.0,0.0,0.0,0.0,0.0,0.0
587,48,1,8,32,0.4,0.0,0.5,4.0,1.3,0.3,0.1,0.0,-0.039,-8.1,-0.1
588,49,0,0,0,0.0,0.0,0.0,0.0,0.0,0.0,0.0,0.0,0.0,0.0,0.0
589,50,0,0,0,0.0,0.0,0.0,0.0,0.0,0.0,0.0,0.0,0.0,0.0,0.0
590,51,0,0,0,0.0,0.0,0.0,0.0,0.0,0.0,0.0,0.0,0.0,0.0,0.0
591,52,6,261,3929,0.38,0.316,0.742,15.1,5.8,1.4,2.2,4.7,0.058,-1.3,0.7
592,53,2,119,1414,0.429,0.363,0.835,11.9,3.8,1.8,1.7,2.4,0.081,-0.7,0.5
593,54,0,0,0,0.0,0.0,0.0,0.0,0.0,0.0,0.0,0.0,0.0,0.0,0.0
594,55,14,858,17528,0.426,0.389,0.856,20.4,9.0,1.7,2.3,35.8,0.098,0.0,9.0
595,56,0,0,0,0.0,0.0,0.0,0.0,0.0,0.0,0.0,0.0,0.0,0.0,0.0
596,57,0,0,0,0.0,0.0,0.0,0.0,0.0,0.0,0.0,0.0,0.0,0.0,0.0
597,58,4,57,594,0.375,0.277,0.806,10.4,4.7,1.4,1.2,0.2,0.016,-2.1,0.0
598,59,0,0,0,0.0,0.0,0.0,0.0,0.0,0.0,0.0,0.0,0.0,0.0,0.0
599,60,0,0,0,0.0,0.0,0.0,0.0,0.0,0.0,0.0,0.0,0.0,0.0,0.0
600,1,14,699,21655,0.456,0.315,0.831,31.0,17.7,3.3,5.3,44.3,0.098,1.3,18.3
601,2,11,609,13903,0.465,0.349,0.759,22.8,12.4,4.7,1.3,15.6,0.054,-1.7,0.9
602,3,8,547,16919,0.429,0.373,0.82,30.9,13.8,3.1,2.9,21.8,0.062,-0.9,4.7
603,4,15,1082,37180,0.437,0.304,0.779,34.4,22.4,7.3,8.4,107.5,0.139,4.0,56.5
604,5,15,864,26144,0.439,0.371,0.83,30.3,17.1,10.4,2.3,90.9,0.167,3.3,34.8
605,6,13,728,21780,0.428,0.382,0.877,29.9,15.6,4.8,1.9,64.1,0.141,1.8,20.8
606,7,15,807,25953,0.429,0.37,0.81,32.2,16.1,2.4,2.8,38.1,0.07,-0.7,8.7
607,8,2,67,745,0.41,0.34,0.698,11.1,4.2,1.8,0.7,0.5,0.03,-3.6,-0.3
608,9,14,976,22851,0.412,0.381,0.867,23.4,9.5,1.8,3.9,47.7,0.1,-0.7,7.6
609,10,15,936,28279,0.496,0.347,0.794,30.2,16.3,6.3,1.4,78.3,0.133,1.3,23.9
610,11,11,586,12486,0.411,0.361,0.818,21.3,8.4,2.1,2.9,18.6,0.072,-1.6,1.1
611,12,8,588,14819,0.496,0.143,0.657,25.2,8.9,6.6,1.1,23.8,0.077,-2.6,-2.4
612,13,9,481,10564,0.426,0.402,0.706,22.0,6.8,2.9,1.0,11.2,0.051,-1.4,1.6
613,14,6,252,3841,0.453,0.241,0.74,15.2,7.1,4.3,0.7,5.8,0.072,-1.6,0.4
614,15,15,973,20827,0.537,0.301,0.742,21.4,8.5,4.8,0.8,49.5,0.114,-1.1,4.6
615,16,10,705,10640,0.459,0.356,0.797,15.1,7.9,4.1,0.7,25.8,0.116,-2.2,-0.6
616,17,9,662,16389,0.465,0.25,0.755,24.8,10.0,6.3,1.3,35.9,0.105,-1.1,3.5
617,18,15,858,14278,0.577,0.186,0.604,16.6,7.8,5.2,0.4,42.8,0.144,0.0,7.2
618,19,8,534,11925,0.505,0.0,0.617,22.3,9.5,6.8,0.8,21.9,0.088,-1.8,0.5
619,20,7,293,3905,0.503,0.286,0.797,13.3,5.3,3.9,0.5,7.5,0.093,-2.8,-0.8
620,21,12,649,16769,0.422,0.38,0.854,25.8,12.3,5.3,0.9,46.7,0.134,1.0,12.8
621,22,12,811,21938,0.451,0.388,0.853,27.1,9.6,2.6,1.7,39.3,0.086,-0.6,7.9
622,23,11,686,11271,0.534,0.0,0.582,16.4,5.7,5.0,0.5,28.3,0.12,-1.3,2.0
623,24,14,919,25126,0.513,0.359,0.757,27.3,12.0,7.1,0.8,73.0,0.139,0.5,15.7
624,25,15,981,29472,0.436,0.364,0.833,30.0,10.8,5.1,3.4,66.4,0.108,1.6,26.9
625,26,15,908,24393,0.456,0.379,0.805,26.9,10.5,3.0,3.1,70.6,0.139,1.1,19.3
626,27,9,503,8945,0.444,0.352,0.765,17.8,6.5,3.5,0.8,12.3,0.066,-2.2,-0.4
627,28,4,253,4259,0.406,0.304,0.701,16.8,6.1,2.4,0.7,1.5,0.017,-2.8,-0.9
628,29,6,138,2111,0.507,0.333,0.72,15.3,5.9,3.2,0.6,3.8,0.087,-2.1,0.0
629,30,2,38,247,0.476,0.0,0.565,6.5,1.9,1.4,0.3,0.1,0.027,-4.3,-0.1
630,31,6,271,6744,0.518,0.0,0.76,24.9,12.6,6.7,0.7,18.8,0.134,-0.7,2.2
631,32,1,8,20,0.364,0.0,0.0,2.5,1.0,0.4,0.0,-0.1,-0.131,-10.1,0.0
632,33,4,130,1488,0.534,0.0,0.375,11.4,2.6,3.9,0.4,2.9,0.092,-2.7,-0.3
633,34,9,646,17245,0.417,0.351,0.793,26.7,8.9,2.5,3.7,32.3,0.09,-0.6,5.9
634,35,15,1015,26693,0.675,0.154,0.475,26.3,9.0,10.2,0.9,95.5,0.172,1.2,21.9
635,36,8,471,9216,0.528,0.0,0.551,19.6,5.3,7.1,0.6,20.9,0.109,-1.9,0.1
636,37,12,689,16038,0.454,0.334,0.659,23.3,6.4,4.1,0.9,26.0,0.078,-1.5,2.0
637,38,3,73,1379,0.441,0.353,0.736,18.9,5.0,2.2,1.6,1.5,0.051,-1.1,0.3
638,39,4,183,3335,0.465,0.283,0.702,18.2,6.5,2.2,1.4,0.0,0.001,-4.2,-1.8
639,40,6,222,4381,0.439,0.329,0.831,19.7,7.1,2.1,1.1,5.4,0.059,-2.2,-0.2
640,41,2,45,431,0.435,0.0,0.684,9.6,2.8,2.4,0.5,0.2,0.02,-4.4,-0.3
641,42,1,37,303,0.365,0.4,0.857,8.2,2.4,0.9,0.8,0.0,0.006,-5.1,-0.2
642,43,1,7,19,0.0,0.0,0.75,2.7,0.4,0.3,0.3,-0.1,-0.158,-9.1,0.0
643,44,0,0,0,0.0,0.0,0.0,0.0,0.0,0.0,0.0,0.0,0.0,0.0,0.0
644,45,15,939,25521,0.459,0.361,0.766,27.2,13.3,3.0,4.7,56.6,0.107,0.5,15.9
645,46,0,0,0,0.0,0.0,0.0,0.0,0.0,0.0,0.0,0.0,0.0,0.0,0.0
646,47,5,181,3016,0.446,0.369,0.76,16.7,6.0,2.2,0.8,5.0,0.079,-1.8,0.2
647,48,2,62,472,0.512,0.167,0.514,7.6,2.4,1.2,0.5,0.8,0.086,-2.0,0.0
648,49,0,0,0,0.0,0.0,0.0,0.0,0.0,0.0,0.0,0.0,0.0,0.0,0.0
649,50,0,0,0,0.0,0.0,0.0,0.0,0.0,0.0,0.0,0.0,0.0,0.0,0.0
650,51,0,0,0,0.0,0.0,0.0,0.0,0.0,0.0,0.0,0.0,0.0,0.0,0.0
651,52,3,138,1039,0.449,0.235,0.644,7.5,2.2,1.5,0.2,1.3,0.059,-5.2,-0.8
652,53,0,0,0,0.0,0.0,0.0,0.0,0.0,0.0,0.0,0.0,0.0,0.0,0.0
653,54,0,0,0,0.0,0.0,0.0,0.0,0.0,0.0,0.0,0.0,0.0,0.0,0.0
654,55,1,51,771,0.412,0.325,0.691,15.1,5.7,1.7,2.1,-0.4,-0.028,-5.2,-0.6
655,56,1,25,95,0.529,0.0,0.455,3.8,0.9,1.0,0.1,0.2,0.096,-2.8,0.0
656,57,0,0,0,0.0,0.0,0.0,0.0,0.0,0.0,0.0,0.0,0.0,0.0,0.0
657,58,1,2,23,0.3,0.25,1.0,11.5,4.5,2.0,0.5,0.0,0.037,-2.7,0.0
658,59,0,0,0,0.0,0.0,0.0,0.0,0.0,0.0,0.0,0.0,0.0,0.0,0.0
659,60,2,69,928,0.546,0.0,0.594,13.4,3.8,2.8,0.4,1.8,0.094,-3.6,-0.4
660,1,3,105,2028,0.574,0.0,0.658,19.3,8.0,6.2,0.5,7.3,0.174,-0.4,0.8
661,2,15,981,36010,0.499,0.384,0.886,36.7,27.3,7.1,4.3,161.5,0.215,6.8,80.0
662,3,16,1005,32304,0.513,0.373,0.759,32.1,13.5,8.1,3.3,105.7,0.157,2.9,40.0
663,4,16,1013,32264,0.438,0.381,0.82,31.8,14.6,3.0,5.7,90.7,0.135,2.4,35.6
664,5,15,1096,31333,0.45,0.337,0.803,28.6,12.5,4.2,1.5,51.5,0.079,-1.4,4.5
665,6,5,272,6038,0.404,0.333,0.78,22.2,7.9,4.9,0.7,3.1,0.025,-4.3,-3.5
666,7,13,819,18771,0.425,0.284,0.713,22.9,8.7,2.8,1.5,22.5,0.058,-1.6,2.0
667,8,10,428,6949,0.607,0.0,0.674,16.2,7.0,3.6,0.5,26.2,0.181,2.3,7.5
668,9,13,672,18646,0.491,0.0,0.7,27.7,8.8,9.0,2.8,61.9,0.159,2.5,20.9
669,10,10,684,15541,0.457,0.35,0.716,22.7,8.7,5.7,1.9,22.6,0.07,-1.1,3.4
670,11,4,188,2385,0.413,0.235,0.778,12.7,3.9,1.0,1.6,1.6,0.032,-3.9,-1.1
671,12,16,1139,32573,0.503,0.328,0.663,28.6,12.4,5.7,1.8,70.6,0.104,0.5,20.4
672,13,4,231,3049,0.499,0.262,0.584,13.2,3.9,2.3,0.8,3.9,0.061,-0.5,1.2
673,14,4,296,8274,0.452,0.293,0.747,28.0,11.9,4.2,1.2,6.1,0.035,-3.5,-3.2
674,15,10,651,17890,0.423,0.3,0.824,27.5,12.6,2.9,3.6,28.7,0.077,-0.9,4.9
675,16,12,720,16419,0.418,0.376,0.836,22.8,11.4,2.0,1.0,18.6,0.054,-2.2,-0.8
676,17,4,137,1978,0.511,0.0,0.624,14.4,4.2,3.4,0.3,3.0,0.073,-3.1,-0.6
677,18,13,860,19548,0.424,0.376,0.846,22.7,9.7,2.1,1.7,30.5,0.075,-1.3,3.3
678,19,2,113,1853,0.442,0.231,0.638,16.4,5.3,2.4,1.8,0.1,0.002,-4.2,-1.0
679,20,11,616,10029,0.468,0.333,0.783,16.3,6.1,3.4,0.7,14.1,0.067,-2.9,-2.4
680,21,6,328,5993,0.369,0.359,0.813,18.3,6.4,2.1,0.7,4.9,0.039,-2.7,-1.1
681,22,14,904,20117,0.463,0.393,0.732,22.3,7.3,3.2,1.5,43.0,0.103,0.2,11.0
682,23,12,676,20287,0.443,0.341,0.77,30.0,12.5,5.3,1.8,29.0,0.069,-1.3,3.5
683,24,4,249,5965,0.399,0.36,0.84,24.0,9.1,2.4,2.2,14.2,0.114,1.7,5.6
684,25,3,38,361,0.381,0.292,0.743,9.5,3.1,1.2,0.3,0.0,0.005,-6.1,-0.4
685,26,10,645,13439,0.413,0.37,0.837,20.8,9.7,1.7,3.0,19.2,0.069,-1.2,2.7
686,27,11,762,20829,0.45,0.386,0.825,27.3,10.8,2.9,1.8,33.5,0.077,-1.5,2.4
687,28,7,355,6812,0.555,0.143,0.697,19.2,7.9,5.0,1.2,25.3,0.178,1.1,5.4
688,29,3,51,426,0.423,0.294,0.783,8.4,4.1,1.0,0.3,0.4,0.045,-4.5,-0.3
689,30,0,0,0,0.0,0.0,0.0,0.0,0.0,0.0,0.0,0.0,0.0,0.0,0.0
690,31,9,513,11524,0.535,0.3,0.785,22.5,10.8,4.9,0.7,35.9,0.149,-0.3,5.0
691,32,2,62,461,0.321,0.283,0.783,7.4,2.0,0.8,0.8,0.4,0.043,-2.8,-0.1
692,33,2,13,39,0.318,0.0,0.0,3.0,1.1,0.9,0.2,-0.1,-0.084,-5.4,0.0
693,34,1,26,269,0.561,0.0,0.682,10.3,4.1,3.4,0.4,0.8,0.148,0.5,0.2
694,35,8,514,10865,0.447,0.182,0.7,21.1,8.0,4.4,0.9,18.6,0.082,-2.6,-1.7
695,36,2,52,433,0.425,0.0,0.578,8.3,3.1,1.8,0.3,0.0,0.0,-5.2,-0.3
696,37,11,433,8271,0.463,0.34,0.705,19.1,5.4,3.9,2.1,18.5,0.107,0.3,4.7
697,38,5,135,1107,0.496,0.0,0.41,8.2,2.3,2.0,0.3,0.9,0.038,-5.7,-1.1
698,39,0,0,0,0.0,0.0,0.0,0.0,0.0,0.0,0.0,0.0,0.0,0.0,0.0
699,40,1,10,28,0.273,0.0,0.0,2.8,0.6,0.0,0.2,-0.1,-0.226,-19.4,-0.1
700,41,2,70,780,0.483,0.0,0.605,11.1,1.9,2.8,0.4,0.7,0.045,-5.7,-0.7
701,42,1,2,37,0.273,0.0,1.0,18.5,5.0,5.5,0.5,0.1,0.147,-4.7,0.0
702,43,0,0,0,0.0,0.0,0.0,0.0,0.0,0.0,0.0,0.0,0.0,0.0,0.0
703,44,0,0,0,0.0,0.0,0.0,0.0,0.0,0.0,0.0,0.0,0.0,0.0,0.0
704,45,0,0,0,0.0,0.0,0.0,0.0,0.0,0.0,0.0,0.0,0.0,0.0,0.0
705,46,1,16,303,0.451,0.0,0.594,18.9,5.2,3.3,0.2,0.3,0.041,-4.4,-0.2
706,47,6,342,5348,0.419,0.188,0.658,15.6,2.7,3.4,1.2,4.1,0.037,-2.1,-0.1
707,48,13,891,28719,0.481,0.36,0.776,32.2,14.0,7.4,3.4,85.3,0.143,3.1,36.5
708,49,7,318,3851,0.509,0.0,0.562,12.1,3.4,3.7,0.7,6.2,0.077,-3.6,-1.5
709,50,0,0,0,0.0,0.0,0.0,0.0,0.0,0.0,0.0,0.0,0.0,0.0,0.0
710,51,1,1,0,0.0,0.0,0.0,0.0,0.0,0.0,0.0,0.0,0.0,0.0,0.0
711,52,1,17,74,0.28,0.182,0.917,4.4,1.6,0.6,0.6,-0.1,-0.066,-7.5,-0.1
712,53,2,18,58,0.281,0.2,0.5,3.2,1.2,0.4,0.1,-0.2,-0.203,-10.3,-0.1
713,54,0,0,0,0.0,0.0,0.0,0.0,0.0,0.0,0.0,0.0,0.0,0.0,0.0
714,55,0,0,0,0.0,0.0,0.0,0.0,0.0,0.0,0.0,0.0,0.0,0.0,0.0
715,56,11,691,16119,0.434,0.316,0.791,23.3,10.3,2.7,4.1,28.8,0.086,-0.7,5.2
716,57,0,0,0,0.0,0.0,0.0,0.0,0.0,0.0,0.0,0.0,0.0,0.0,0.0
717,58,0,0,0,0.0,0.0,0.0,0.0,0.0,0.0,0.0,0.0,0.0,0.0,0.0
718,59,1,33,270,0.315,0.24,0.474,8.2,2.2,0.8,0.9,-0.2,-0.031,-5.6,-0.2
719,60,0,0,0,0.0,0.0,0.0,0.0,0.0,0.0,0.0,0.0,0.0,0.0,0.0
720,1,10,550,15806,0.439,0.354,0.824,28.7,14.3,4.6,1.2,18.9,0.057,-1.6,1.5
721,2,16,1076,36242,0.493,0.32,0.813,33.7,19.1,8.1,1.9,115.7,0.153,1.7,33.4
722,3,3,161,3278,0.373,0.331,0.71,20.4,7.5,2.1,1.4,-1.4,-0.021,-5.0,-2.4
723,4,8,402,7932,0.438,0.235,0.732,19.7,7.7,4.8,0.9,13.0,0.078,-1.2,1.7
724,5,6,361,5586,0.462,0.222,0.74,15.5,4.5,4.3,0.5,9.9,0.085,-3.0,-1.5
725,6,6,326,11561,0.459,0.348,0.8,35.5,18.8,4.3,4.7,37.4,0.155,3.6,16.3
726,7,11,752,19279,0.401,0.366,0.852,25.6,10.3,2.2,2.8,23.5,0.058,-1.2,3.8
727,8,17,1117,34516,0.452,0.346,0.799,30.9,15.8,5.6,2.0,61.0,0.085,0.6,22.4
728,9,4,90,524,0.494,0.0,0.583,5.8,2.1,1.4,0.3,0.5,0.046,-4.6,-0.3
729,10,3,47,260,0.427,0.0,0.589,5.5,2.2,1.6,0.0,0.3,0.052,-5.1,-0.2
730,11,15,940,23964,0.447,0.415,0.892,25.5,12.8,2.0,2.0,63.7,0.128,0.6,16.0
731,12,6,292,3378,0.501,0.286,0.582,11.6,3.0,2.6,0.3,3.9,0.055,-4.1,-1.8
732,13,14,869,19062,0.449,0.349,0.732,21.9,5.7,3.7,1.4,39.3,0.099,0.6,12.4
733,14,8,502,11539,0.49,0.254,0.675,23.0,7.8,2.8,1.6,30.4,0.127,1.6,10.6
734,15,3,75,705,0.409,0.0,0.39,9.4,2.2,1.9,0.2,0.1,0.005,-5.0,-0.5
735,16,5,299,4600,0.422,0.338,0.704,15.4,5.9,2.0,0.4,6.2,0.064,-1.6,0.5
736,17,7,314,5368,0.403,0.339,0.755,17.1,5.6,3.0,0.7,6.7,0.06,-2.2,-0.3
737,18,3,111,1044,0.386,0.29,0.793,9.4,3.9,2.4,0.2,0.5,0.025,-4.8,-0.7
738,19,3,143,1535,0.389,0.312,0.884,10.7,4.1,1.1,0.7,0.0,0.0,-3.5,-0.6
739,20,6,221,3064,0.51,0.172,0.542,13.9,4.0,3.5,0.6,7.2,0.113,0.1,1.6
740,21,16,957,28570,0.456,0.324,0.611,29.9,9.8,4.5,7.9,61.8,0.104,1.2,23.2
741,22,4,203,3095,0.386,0.321,0.767,15.2,5.6,1.8,2.8,0.0,-0.001,-3.3,-1.0
742,23,4,256,4482,0.544,0.0,0.445,17.5,5.2,4.9,0.5,9.1,0.097,-2.0,0.0
743,24,17,1070,34153,0.424,0.367,0.814,31.9,14.6,4.4,6.3,107.6,0.151,2.9,42.6
744,25,9,408,7329,0.42,0.332,0.807,18.0,7.6,1.9,1.1,9.2,0.06,-1.5,1.0
745,26,10,504,9840,0.423,0.374,0.739,19.5,7.7,1.9,2.9,13.9,0.068,-0.5,3.7
746,27,5,353,5281,0.409,0.337,0.739,15.0,4.9,1.5,3.4,4.3,0.039,-2.0,0.1
747,28,4,82,505,0.339,0.25,0.566,6.2,2.1,0.6,0.2,-0.9,-0.089,-9.4,-0.9
748,29,4,189,2771,0.38,0.299,0.599,14.7,3.9,1.8,1.7,-1.6,-0.027,-4.4,-1.7
749,30,3,151,1821,0.459,0.0,0.728,12.1,3.2,3.4,0.4,3.2,0.084,-3.3,-0.6
750,31,3,67,583,0.438,0.34,0.676,8.7,2.7,1.0,0.5,0.8,0.062,-3.2,-0.2
751,32,11,467,5657,0.437,0.43,0.877,12.1,4.7,1.3,0.3,14.5,0.123,0.8,4.0
752,33,8,281,3092,0.467,0.111,0.717,11.0,3.0,2.3,0.4,5.0,0.078,-4.0,-1.6
753,34,4,82,702,0.402,0.0,0.732,8.6,2.6,1.9,0.4,0.5,0.035,-4.2,-0.4
754,35,12,842,24208,0.425,0.366,0.749,28.8,6.8,5.5,1.4,42.2,0.084,-0.9,6.7
755,36,6,403,6826,0.553,0.037,0.661,16.9,7.6,3.9,0.8,16.0,0.113,-1.2,1.4
756,37,2,91,867,0.442,0.306,0.685,9.5,3.2,1.6,0.5,1.1,0.06,-4.1,-0.5
757,38,1,7,38,0.3,0.0,0.667,5.4,1.4,1.9,0.1,0.0,0.06,-5.9,0.0
758,39,1,68,792,0.367,0.321,0.86,11.6,2.7,1.8,1.0,0.4,0.024,-3.1,-0.2
759,40,0,0,0,0.0,0.0,0.0,0.0,0.0,0.0,0.0,0.0,0.0,0.0,0.0
760,41,2,27,156,0.514,0.0,0.5,5.8,1.6,1.2,0.1,0.3,0.101,-2.7,0.0
761,42,7,397,9316,0.402,0.407,0.78,23.5,7.8,2.0,2.0,16.0,0.082,-1.0,2.4
762,43,2,26,172,0.457,0.421,0.556,6.6,1.9,0.7,0.3,0.2,0.056,-3.0,0.0
763,44,0,0,0,0.0,0.0,0.0,0.0,0.0,0.0,0.0,0.0,0.0,0.0,0.0
764,45,2,102,1302,0.517,0.0,0.672,12.8,4.3,2.7,0.3,1.5,0.056,-4.6,-0.9
765,46,2,68,711,0.34,0.25,0.643,10.5,2.1,1.0,1.8,0.1,0.008,-3.0,-0.2
766,47,16,1085,30499,0.489,0.341,0.736,28.1,13.4,7.1,2.2,95.4,0.15,1.9,29.9
767,48,0,0,0,0.0,0.0,0.0,0.0,0.0,0.0,0.0,0.0,0.0,0.0,0.0
768,49,5,239,3320,0.515,0.0,0.682,13.9,6.2,3.8,0.3,12.0,0.174,-1.6,0.3
769,50,10,518,6134,0.584,0.0,0.649,11.8,3.7,2.2,0.3,10.4,0.081,-4.1,-3.2
770,51,2,22,114,0.25,0.0,0.444,5.2,1.0,1.4,0.0,-0.1,-0.056,-9.1,-0.2
771,52,1,6,18,0.25,0.0,0.6,3.0,0.8,0.3,0.2,0.0,0.033,-2.9,0.0
772,53,0,0,0,0.0,0.0,0.0,0.0,0.0,0.0,0.0,0.0,0.0,0.0,0.0
773,54,2,73,547,0.534,0.0,0.643,7.5,2.5,1.2,0.2,0.8,0.072,-2.3,0.0
774,55,0,0,0,0.0,0.0,0.0,0.0,0.0,0.0,0.0,0.0,0.0,0.0,0.0
775,56,0,0,0,0.0,0.0,0.0,0.0,0.0,0.0,0.0,0.0,0.0,0.0,0.0
776,57,0,0,0,0.0,0.0,0.0,0.0,0.0,0.0,0.0,0.0,0.0,0.0,0.0
777,58,0,0,0,0.0,0.0,0.0,0.0,0.0,0.0,0.0,0.0,0.0,0.0,0.0
778,59,1,30,170,0.365,0.375,0.636,5.7,1.7,1.0,0.2,-0.2,-0.07,-8.5,-0.3
779,60,1,14,166,0.3,0.2,1.0,11.9,1.8,1.1,1.2,-0.1,-0.032,-5.8,-0.2
780,1,14,706,19862,0.535,0.12,0.557,28.1,9.6,8.7,2.2,50.6,0.122,1.2,16.0
781,2,15,1072,30159,0.443,0.361,0.808,28.1,10.2,5.2,1.3,65.1,0.104,-0.4,12.3
782,3,12,845,28865,0.445,0.357,0.822,34.2,16.3,3.1,8.1,77.3,0.129,1.9,28.3
783,4,18,1203,41436,0.472,0.368,0.87,34.4,17.9,4.5,9.5,203.7,0.236,7.1,95.6
784,5,14,971,28829,0.412,0.329,0.79,29.7,11.2,3.0,5.2,40.2,0.067,-0.6,10.1
785,6,10,580,13914,0.418,0.382,0.791,24.0,8.7,3.1,1.0,24.7,0.085,-0.8,4.3
786,7,11,656,13578,0.435,0.341,0.772,20.7,10.4,4.6,0.8,22.6,0.08,-0.6,4.7
787,8,13,890,19772,0.44,0.388,0.822,22.2,8.7,4.5,1.0,38.9,0.094,-0.4,8.0
788,9,6,225,2795,0.509,0.5,0.786,12.4,6.0,3.1,0.3,6.5,0.112,-3.0,-0.7
789,10,8,418,10690,0.556,0.111,0.69,25.6,11.5,7.7,1.2,37.4,0.168,1.4,9.1
790,11,0,0,0,0.0,0.0,0.0,0.0,0.0,0.0,0.0,0.0,0.0,0.0,0.0
791,12,2,34,168,0.283,0.25,0.625,4.9,1.1,0.5,0.4,-0.1,-0.024,-5.2,-0.1
792,13,4,119,1868,0.458,0.231,0.746,15.7,6.9,4.0,1.0,2.6,0.068,-1.7,0.2
793,14,4,249,5037,0.431,0.368,0.741,20.2,10.0,2.0,1.3,3.6,0.035,-1.7,0.4
794,15,6,297,5714,0.412,0.304,0.674,19.2,5.4,2.3,1.0,3.1,0.026,-3.7,-2.4
795,16,6,377,6117,0.483,0.3,0.815,16.2,5.9,2.8,0.5,7.8,0.061,-3.6,-2.4
796,17,10,586,18487,0.434,0.38,0.848,31.5,16.8,4.9,1.9,48.5,0.126,1.8,17.7
797,18,12,658,13026,0.417,0.361,0.818,19.8,9.7,2.5,0.9,18.4,0.068,-1.3,2.4
798,19,8,526,10624,0.49,0.191,0.726,20.2,9.4,4.0,0.8,20.4,0.092,-1.9,0.4
799,20,2,23,98,0.44,0.0,0.5,4.3,1.2,0.7,0.8,0.0,0.003,-3.7,0.0
800,21,11,618,13878,0.423,0.36,0.796,22.5,11.0,2.3,3.0,27.8,0.096,0.5,8.6
801,22,13,867,24140,0.44,0.343,0.855,27.8,10.8,2.9,4.6,36.8,0.073,-0.9,6.5
802,23,10,549,11853,0.427,0.357,0.799,21.6,7.9,2.6,1.4,18.2,0.074,-0.1,5.7
803,24,6,348,7797,0.423,0.388,0.773,22.4,8.2,2.4,2.1,14.7,0.09,0.1,4.2
804,25,8,473,7262,0.462,0.154,0.678,15.4,4.7,3.9,0.5,5.5,0.037,-4.6,-4.6
805,26,10,618,11379,0.495,0.0,0.564,18.4,5.6,4.2,0.4,20.3,0.086,-2.5,-1.4
806,27,7,409,8185,0.435,0.335,0.763,20.0,8.7,3.6,0.8,13.6,0.08,-2.3,-0.7
807,28,12,618,10353,0.533,0.16,0.612,16.8,5.2,4.4,0.6,26.1,0.121,-2.0,0.1
808,29,2,51,507,0.469,0.0,0.854,9.9,3.3,1.9,0.2,0.9,0.083,-4.4,-0.3
809,30,12,829,24293,0.535,0.034,0.772,29.3,13.5,8.8,2.2,76.0,0.15,1.1,19.2
810,31,3,157,2672,0.407,0.366,0.882,17.0,8.0,1.4,1.0,2.2,0.04,-2.9,-0.6
811,32,2,127,1683,0.389,0.295,0.78,13.3,3.4,1.2,1.4,0.8,0.024,-3.0,-0.4
812,33,12,758,16410,0.499,0.207,0.832,21.6,8.7,4.5,0.8,42.8,0.125,-0.8,5.1
813,34,16,849,17284,0.411,0.358,0.809,20.4,9.6,2.4,1.1,30.1,0.084,-0.4,6.9
814,35,0,0,0,0.0,0.0,0.0,0.0,0.0,0.0,0.0,0.0,0.0,0.0,0.0
815,36,13,825,18957,0.443,0.367,0.777,23.0,10.1,5.6,1.1,48.8,0.124,-0.1,9.0
816,37,10,473,8020,0.533,0.0,0.636,17.0,4.7,3.7,1.3,19.2,0.115,0.3,4.7
817,38,5,179,2660,0.388,0.353,0.847,14.9,4.8,1.4,2.4,5.6,0.102,-0.4,1.1
818,39,6,200,2475,0.42,0.325,0.751,12.4,5.3,1.2,0.7,3.3,0.064,-1.8,0.1
819,40,12,833,29011,0.451,0.314,0.772,34.8,17.8,3.5,4.6,41.9,0.069,-0.3,12.4
820,41,2,85,987,0.387,0.189,0.746,11.6,4.0,0.9,1.9,-0.2,-0.007,-4.3,-0.6
821,42,1,17,144,0.605,0.0,0.167,8.5,2.8,2.1,0.1,0.5,0.155,-0.7,0.0
822,43,1,5,6,0.0,0.0,0.0,1.2,0.0,0.2,0.0,-0.2,-1.264,-52.0,-0.1
823,44,1,6,9,0.0,0.0,0.0,1.5,0.0,0.7,0.0,0.0,0.155,5.2,0.0
824,45,17,1123,27104,0.419,0.351,0.842,24.1,13.9,2.2,3.4,65.7,0.116,1.4,23.2
825,46,0,0,0,0.0,0.0,0.0,0.0,0.0,0.0,0.0,0.0,0.0,0.0,0.0
826,47,2,26,325,0.405,0.324,0.794,12.5,5.0,1.5,0.8,0.5,0.068,-1.6,0.0
827,48,3,145,2348,0.47,0.316,0.815,16.2,4.6,2.3,0.8,3.0,0.062,-2.1,0.0
828,49,9,564,12462,0.467,0.237,0.725,22.1,10.1,5.4,1.4,19.2,0.074,-0.8,3.8
829,50,8,487,13463,0.445,0.349,0.799,27.6,10.1,4.6,1.5,19.4,0.069,-1.6,1.4
830,51,1,23,212,0.404,0.0,0.5,9.2,2.1,1.9,0.7,0.0,0.004,-5.1,-0.2
831,52,0,0,0,0.0,0.0,0.0,0.0,0.0,0.0,0.0,0.0,0.0,0.0,0.0
832,53,4,131,1555,0.387,0.212,0.642,11.9,2.5,1.5,1.2,-0.7,-0.022,-4.6,-1.0
833,54,2,16,93,0.425,0.308,0.875,5.8,2.8,1.2,0.2,0.2,0.102,-0.5,0.0
834,55,2,87,1150,0.452,0.0,0.688,13.2,3.8,3.6,0.4,2.5,0.106,-1.9,0.0
835,56,14,870,18323,0.57,0.332,0.673,21.1,7.0,5.4,1.2,55.3,0.145,0.3,10.6
836,57,12,806,20691,0.551,0.15,0.68,25.7,9.9,7.9,1.1,61.3,0.142,0.4,12.7
837,58,1,20,72,0.538,0.5,0.692,3.6,1.9,0.7,0.1,0.1,0.042,-5.6,-0.1
838,59,0,0,0,0.0,0.0,0.0,0.0,0.0,0.0,0.0,0.0,0.0,0.0,0.0
839,60,2,30,234,0.37,0.32,0.5,7.8,2.7,1.0,0.5,-0.2,-0.043,-5.3,-0.2
840,1,18,1242,39457,0.587,0.214,0.567,31.8,15.7,11.8,1.3,141.7,0.172,1.9,39.0
841,2,10,616,19055,0.512,0.0,0.586,30.9,12.0,9.7,0.8,45.3,0.114,-0.6,6.8
842,3,11,744,20366,0.432,0.401,0.857,27.4,14.9,2.5,2.5,33.3,0.078,-0.3,8.7
843,4,14,833,17188,0.486,0.178,0.794,20.6,6.3,2.4,3.0,29.9,0.084,-1.0,4.3
844,5,15,985,23963,0.432,0.325,0.796,24.3,10.8,2.2,3.9,54.9,0.11,0.6,15.5
845,6,8,391,10432,0.522,0.329,0.779,26.7,9.1,4.7,1.6,25.7,0.118,0.8,7.4
846,7,15,902,30941,0.456,0.332,0.769,34.3,14.8,6.1,2.3,74.0,0.115,0.9,22.9
847,8,3,139,1585,0.405,0.25,0.679,11.4,2.8,2.8,0.3,-0.4,-0.013,-7.2,-2.1
848,9,19,1231,39507,0.463,0.33,0.709,32.1,11.3,4.9,4.2,100.4,0.122,2.1,41.3
849,10,4,73,724,0.357,0.36,0.732,9.9,3.5,1.2,0.8,0.2,0.01,-3.7,-0.3
850,11,10,516,11146,0.594,0.0,0.5,21.6,6.3,7.0,0.9,30.7,0.132,-0.4,4.6
851,12,4,97,1500,0.506,0.0,0.61,15.5,4.3,3.9,0.2,1.7,0.054,-3.8,-0.7
852,13,10,564,12149,0.39,0.319,0.777,21.5,7.4,1.6,3.5,5.0,0.02,-3.4,-4.2
853,14,13,800,14232,0.463,0.293,0.7,17.8,6.7,5.4,0.7,30.3,0.102,-1.7,1.2
854,15,14,915,26299,0.499,0.121,0.711,28.7,15.7,8.4,1.5,71.0,0.13,1.2,21.3
855,16,4,211,3540,0.438,0.327,0.699,16.8,6.3,2.3,1.1,4.5,0.061,-1.2,0.7
856,17,13,894,29000,0.452,0.285,0.632,32.4,14.5,7.4,3.1,51.0,0.084,1.7,27.2
857,18,16,977,26275,0.419,0.373,0.733,26.9,12.4,3.1,2.1,46.3,0.084,0.2,14.7
858,19,11,549,12280,0.424,0.365,0.806,22.4,8.4,3.8,1.5,25.9,0.101,0.9,9.1
859,20,14,878,24539,0.436,0.368,0.81,27.9,11.3,3.0,5.1,48.3,0.094,-0.1,11.6
860,21,2,6,28,0.0,0.0,0.5,4.7,0.7,1.5,0.0,-0.1,-0.163,-15.0,-0.1
861,22,4,143,2351,0.443,0.292,0.658,16.4,4.5,3.4,1.0,2.0,0.041,-3.5,-0.9
862,23,1,26,343,0.333,0.265,0.714,13.2,3.0,2.0,0.7,-0.2,-0.025,-5.3,-0.3
863,24,8,432,11842,0.448,0.372,0.826,27.4,9.7,2.9,3.6,24.5,0.099,0.9,8.7
864,25,14,820,18055,0.475,0.282,0.709,22.0,8.1,3.5,1.3,38.7,0.103,0.3,10.4
865,26,12,714,21559,0.437,0.384,0.87,30.2,17.4,3.2,1.9,61.3,0.137,1.0,16.1
866,27,10,581,8908,0.39,0.367,0.858,15.3,5.3,1.9,1.3,16.0,0.086,-1.0,2.3
867,28,13,831,18185,0.463,0.349,0.833,21.9,8.4,2.1,3.4,31.4,0.083,-0.9,4.9
868,29,4,189,2686,0.53,0.0,0.525,14.2,5.0,2.9,0.2,3.2,0.057,-4.4,-1.7
869,30,14,632,15087,0.509,0.023,0.63,23.9,7.2,7.2,1.2,46.4,0.148,0.3,8.8
870,31,2,87,1111,0.408,0.0,0.58,12.8,3.3,3.0,0.6,0.0,0.001,-5.1,-0.9
871,32,1,6,20,0.5,0.0,0.5,3.3,1.8,0.7,0.0,0.0,-0.108,-10.0,0.0
872,33,1,36,433,0.336,0.245,0.625,12.0,3.1,0.9,1.4,-0.2,-0.025,-5.3,-0.4
873,34,2,61,560,0.421,0.308,0.65,9.2,2.7,1.1,0.8,0.5,0.043,-3.2,-0.2
874,35,2,14,73,0.462,0.0,0.615,5.2,1.4,0.6,0.1,0.1,0.04,-5.5,-0.1
875,36,2,81,789,0.387,0.235,0.571,9.7,2.3,0.6,1.3,0.1,0.004,-5.0,-0.6
876,37,10,492,6162,0.406,0.361,0.706,12.5,3.3,1.1,1.0,4.5,0.035,-3.8,-2.7
877,38,9,606,15526,0.393,0.363,0.784,25.6,6.5,2.3,4.4,25.0,0.077,-1.2,3.2
878,39,0,0,0,0.0,0.0,0.0,0.0,0.0,0.0,0.0,0.0,0.0,0.0,0.0
879,40,3,136,1436,0.404,0.0,0.752,10.6,3.5,1.4,0.5,0.5,0.016,-5.9,-1.4
880,41,0,0,0,0.0,0.0,0.0,0.0,0.0,0.0,0.0,0.0,0.0,0.0,0.0
881,42,0,0,0,0.0,0.0,0.0,0.0,0.0,0.0,0.0,0.0,0.0,0.0,0.0
882,43,18,1118,32953,0.422,0.351,0.731,29.5,10.4,4.8,2.1,64.3,0.094,0.6,21.8
883,44,0,0,0,0.0,0.0,0.0,0.0,0.0,0.0,0.0,0.0,0.0,0.0,0.0
884,45,3,128,1909,0.417,0.161,0.786,14.9,4.5,2.5,1.0,2.0,0.049,-2.0,0.0
885,46,2,46,316,0.519,0.0,0.5,6.9,1.5,1.5,0.1,-0.2,-0.029,-8.8,-0.5
886,47,3,76,879,0.416,0.0,0.678,11.6,2.9,2.8,0.2,0.8,0.044,-5.7,-0.8
887,48,0,0,0,0.0,0.0,0.0,0.0,0.0,0.0,0.0,0.0,0.0,0.0,0.0
888,49,0,0,0,0.0,0.0,0.0,0.0,0.0,0.0,0.0,0.0,0.0,0.0,0.0
889,50,1,31,272,0.319,0.172,0.81,8.8,2.7,0.7,0.9,-0.1,-0.01,-5.9,-0.3
890,51,0,0,0,0.0,0.0,0.0,0.0,0.0,0.0,0.0,0.0,0.0,0.0,0.0
891,52,0,0,0,0.0,0.0,0.0,0.0,0.0,0.0,0.0,0.0,0.0,0.0,0.0
892,53,2,42,588,0.293,0.224,0.714,14.0,3.2,2.0,0.6,-0.6,-0.047,-6.0,-0.6
893,54,0,0,0,0.0,0.0,0.0,0.0,0.0,0.0,0.0,0.0,0.0,0.0,0.0
894,55,1,16,77,0.483,0.5,1.0,4.8,2.2,0.2,0.7,0.0,-0.02,-4.8,0.0
895,56,0,0,0,0.0,0.0,0.0,0.0,0.0,0.0,0.0,0.0,0.0,0.0,0.0
896,57,0,0,0,0.0,0.0,0.0,0.0,0.0,0.0,0.0,0.0,0.0,0.0,0.0
897,58,0,0,0,0.0,0.0,0.0,0.0,0.0,0.0,0.0,0.0,0.0,0.0,0.0
898,59,0,0,0,0.0,0.0,0.0,0.0,0.0,0.0,0.0,0.0,0.0,0.0,0.0
